File,aid,Date,2057,2058,2061,2062,2065,2066,2069,2070,2110,2112,2114,2116,2120,2124,2172,2181,2182,2185,2189,2190,2193,2237,2253,2254,2257,2258,2261,2262,2265,2266,2301,2317,2318,2321,2322,2325,2326,2329,2330,2365,2372,2374,2376,2380,2384,2386,2428,2441,2442,2445,2446,2449,2450,2453,2454,2493,2513,2514,2517,2518,2521,2522,2525,2526,2557,3094,3098,3102,3106,3134,3150,3154,3158,3162,3218,3222,3226,3230,3290,3294,3298,3302,3354,3358,3362,3366,3390,3410,3414,3418,3422,3454,3478,3482,3486,3490,3518,3550,3554,3558,3562,3582,18445,18446,18449,18453,18641,18705,18709,18713,19482,19742,34833,34834,34837,34838,34841,34842,34845,34888,34890,34892,34896,34900,34957,34958,34961,34962,34965,34966,34969,35029,35030,35033,35037,35038,35041,35042,35093,35094,35097,35098,35101,35102,35105,35106,35148,35152,35156,35160,35162,35217,35218,35221,35222,35225,35226,35229,35230,35261,35289,35290,35293,35294,35297,35298,35301,35302,35325,35326,35870,35874,35878,35930,35934,35994,35998,36002,36066,36070,36074,36130,36134,36138,36142,36186,36190,36194,36198,36254,36258,36262,36266,36326,36330,36334,36338,51221,51225,51229,51233,51481,51485,51677,52522
_500m_16_days_VI_Quality_2000049_aid0001,aid0001,2000-02-18,14.0,325.0,2.0,110.0,,,,,4.0,724.0,,,,,,23.0,,,,,,,,,63.0,,,,,,,14.0,1.0,,,,,,,,232.0,,,,,,,33.0,,,,,,,,,,,,1.0,,,,,4.0,26.0,11.0,,,,,,,,,,,,,,,,,,,,,9.0,,,,,,,,,,9.0,,,,1.0,,,,,,,,,,,,,,,,,,,,,,,,,,,,,,,,,,,,,,,,,,,,,,,,,,,,,,,,,,,,1.0,,1.0,,,,,,1.0,,,,,,,,,,,,,,,,,,,,,,,,,8.0,,,,,,,,,,
_500m_16_days_VI_Quality_2000065_aid0001,aid0001,2000-03-05,6.0,186.0,,76.0,,,,,47.0,725.0,,,,,126.0,192.0,,,,,,16.0,,,4.0,,,,,,3.0,8.0,,,,,,,,,76.0,,3.0,,,,18.0,44.0,,9.0,,,,,,4.0,1.0,,4.0,,,,,,2.0,23.0,22.0,,,2.0,,,,,11.0,,,,,,,,,,,,,,4.0,,,1.0,,,,,,1.0,2.0,,,,,,,,,,,,,,,,,,,,,,,,,,,,,,,,,,,,,,,,,,,,,,,,,,,,,,,,,,,,,,,1.0,,,,,,,,,,,,,,,,,,,,,,,,,,,,,,,,,,,,,,,,,,,
_500m_16_days_VI_Quality_2000081_aid0001,aid0001,2000-03-21,5.0,226.0,,,,,,,27.0,756.0,,,,,52.0,170.0,,35.0,,,,11.0,,,,,,,,,,3.0,,,,,,,,,209.0,,,,,,15.0,42.0,,39.0,,,,,,9.0,5.0,,,,,,,,,9.0,,,,2.0,,,,,,,,,,,,,,,,,,,,,,,2.0,,,,,,,,,,,,,,,,,,,,,,,,,,,,,,,,,,,,,,,,,,,,,,,,,,,,,,,,,,,,,,,,,,,,,,,,,,,,,,,,,,,,,,,,,,,,,,,,,,,,,,,,,,,,,,,,
_500m_16_days_VI_Quality_2000097_aid0001,aid0001,2000-04-06,,277.0,,11.0,,,,,34.0,428.0,,372.0,,,125.0,97.0,,37.0,,,,41.0,,,,,,,,,,17.0,,3.0,,,,,,3.0,43.0,,46.0,,,,11.0,6.0,,27.0,,,,,,7.0,5.0,,1.0,,,,,,2.0,,3.0,,,,,,,,,9.0,,,,,,,,,,,,,,,,,,5.0,,,2.0,,,,,,,,,,,,,,,,,,,,,,,,,,,,,,,,,,,,,,,,,,,,,,,,,,,,,,,,,1.0,,,,,,,4.0,,,,,,,,,,,,,,,,,,,,,,,,,,,,,,,,,,,,,,,,,,,,
_500m_16_days_VI_Quality_2000113_aid0001,aid0001,2000-04-22,,342.0,,10.0,,,,,34.0,342.0,,,,,17.0,554.0,,,,,,53.0,6.0,,,,,,,,,4.0,,,,,,,,,82.0,,,,,,7.0,84.0,,5.0,,,,,,24.0,9.0,,,,,,,,4.0,2.0,1.0,,,,,,,,,,,,,,,,,,,,1.0,,,,,,,,,,,,,,,,,,,,,,,,,,,,,,,,,,,,,,,,,,,,,,,,,,,,,,,,,,,,,,,,,,,,,,,,,,30.0,,,,,,,,6.0,,,,,,,,,,,,,,,,,,,,,,,,,,,,,,,,,,,,
_500m_16_days_VI_Quality_2000129_aid0001,aid0001,2000-05-08,,355.0,,64.0,,,,,42.0,28.0,,,,,2.0,626.0,,,,,,57.0,91.0,,,,,,,,2.0,11.0,,,,,,,,,30.0,,,,,,,151.0,,,,,,,,6.0,75.0,,2.0,3.0,,,,,5.0,9.0,33.0,,,3.0,,,,,,,,,,,,,,,,,,,,,,,,,,,,1.0,1.0,,,,,,,,,,,,,,,,,,,,,,,,,,,,,,,,,,,,,,,,,,,,,,,,,,,,,,,,,,,,,,16.0,,,,,,,,,,,,,,,,,,,,,,,,,,,,,,,,,,4.0,,,,,,,,,,
_500m_16_days_VI_Quality_2000145_aid0001,aid0001,2000-05-24,,325.0,,18.0,,,,,17.0,668.0,,170.0,,,58.0,46.0,,25.0,,,,,,,48.0,,,,,,6.0,3.0,,,,,,,,,128.0,,,,,,8.0,9.0,,55.0,,,,,,10.0,2.0,,6.0,,,,,,8.0,,,,,,,,,,,,,,,,,,,,,,,,,,,,,,,,,1.0,,,,,,,,,,,,,,,,,,,,,,,,,,,,,,,,,,,,,,,,,,,,,,,,,,,,,,,,4.0,,,,,,,2.0,,,,,,,,,,,,,,,,,,,,,,,,,,,,,,,,,,,,,,,,,,,,
_500m_16_days_VI_Quality_2000353_aid0001,aid0001,2000-12-18,,,11.0,236.0,,43.0,,34.0,,,,309.0,,,,,,28.0,,,1.0,,,,,,14.0,,1.0,,,,,110.0,,,,,,,,,161.0,,,,,,,73.0,,38.0,,,,,,,,,11.0,4.0,7.0,10.0,,,73.0,21.0,10.0,,,,,,,,,,,,,,,10.0,,,,,3.0,,,,,,,,,,4.0,1.0,19.0,,,,,,,,,,,,,,11.0,,,,,,,98.0,,,,,12.0,,2.0,,,,,,20.0,,,,,,28.0,,,,,,,94.0,,,,,,36.0,,28.0,,,,,,,,,9.0,3.0,13.0,16.0,,,,,,,,,,,,,,,,,,,,,,,,,,,,3.0,12.0,,,,,,,,
_500m_16_days_VI_Quality_2001001_aid0001,aid0001,2001-01-01,43.0,48.0,,54.0,,77.0,,,,1020.0,,,,,,23.0,,6.0,,,,,,,,,,,,,,120.0,,,,,24.0,,,,47.0,,,,,,,3.0,,1.0,,,,,,,,,1.0,,,,,,,24.0,20.0,23.0,,,,,5.0,,,,,,,,,,12.0,,10.0,,,6.0,,,,,6.0,,,,,,,,,,,,,,,,,,,,6.0,,,,,,,,,,,,5.0,,,,,,,,,2.0,,,,,6.0,,,,,,,,1.0,,,,,14.0,2.0,,,,,,,,1.0,,5.0,2.0,,,,,,,,,,,,,,,,,,,,,,,,,,,,,,,,,,,,,,,,,
_500m_16_days_VI_Quality_2001017_aid0001,aid0001,2001-01-17,7.0,466.0,,33.0,,,,,,,,,,,,242.0,,,,,,,21.0,,,,,,,,,4.0,5.0,,,,,,,,,,,,,,,211.0,,,,,,,,,114.0,7.0,,2.0,,,,,,76.0,11.0,,,,,,,,,,,,6.0,,,,8.0,,,,,,,,,,,5.0,,,,23.0,9.0,,,,32.0,,,,,3.0,,,,,,,,,,,,,,,,,77.0,,,,,,,17.0,,,,,,,,2.0,,1.0,,,,,,,,,,117.0,,,,,,,,,84.0,1.0,,,,,,,,,,,,,,,,,8.0,,,3.0,,,,,,,,,,,,8.0,2.0,,,12.0,,,,,,,
_500m_16_days_VI_Quality_2001033_aid0001,aid0001,2001-02-02,,251.0,,363.0,,,,,,,,,,,,65.0,,,,,,,38.0,,,,,,,,,,2.0,24.0,,,,,,,,,31.0,,,,,114.0,,53.0,,,,,,,116.0,12.0,59.0,3.0,,,,,,87.0,142.0,,,,,,,,4.0,,,,,,,,,11.0,,,,,,,,,1.0,12.0,,,,36.0,5.0,,,,,,,,,,,,,,,,,,,,,,,,,,7.0,,,,,,,,,,,,,,,,,,,,,,,,,,,28.0,,4.0,,,,,,,94.0,8.0,6.0,,,,,,,,,,,,,2.0,,,7.0,,,2.0,,,,,,,,,,,,30.0,,,,,,,,,,,
_500m_16_days_VI_Quality_2001049_aid0001,aid0001,2001-02-18,,57.0,91.0,31.0,,,,,,34.0,,614.0,,,,298.0,,232.0,,,,,,,,,,,,,,,,51.0,,,,,,,,,31.0,,,,,31.0,,62.0,,,,,,,1.0,3.0,,,,,,,,33.0,12.0,,,,,,,,,,,,,,,,,,,,,,,,,,,5.0,,,,8.0,,,,,,,,,,,,,,,,,,,,,,,,,,,,,,,,,,,,,,,,,,,,,,,,,,,,,,19.0,,,,,,,,,,,3.0,,,,,,,,,,,,,,,,,,,,,,,,,,,,,,,1.0,,,,,,,,,,,
_500m_16_days_VI_Quality_2001065_aid0001,aid0001,2001-03-06,13.0,301.0,,,,,,,,796.0,,,,,,328.0,,,,,,,,,,,,,,,,3.0,,,,,,,,,92.0,,,,,,,62.0,,,,,,,,,,,,,,,,,,17.0,,,,,,,,,2.0,,,,,,,,,,,,,,,,,,2.0,,,,,,,,,,,,,,,,,,,,,,,,,,,,,,,,,,,,,,,,,,,,,,,,,,,,,,,,,,,,,,,,,,,,,,1.0,,,,,,,,,,,,,,,,,,,,,,,,,,,,,,,,,,,,,,,,,,
_500m_16_days_VI_Quality_2001081_aid0001,aid0001,2001-03-22,1.0,344.0,29.0,17.0,,,,,,754.0,,37.0,,,,34.0,,,,,,,,,,,,,,,,10.0,,53.0,,,,,,,233.0,,9.0,,,,,68.0,,12.0,,,,,,,,,,,,,,,,9.0,,,,,,,,,,,,,,,,,,,,,,,,,,,,,,,,,,,,,,,,,,,,,,,,,,,,,,,,,,,,,,,,,,,,,,,,,,,,,,,,,,,,,,,,,,,,,,,7.0,,,,,,,,,,,,,,,,,,,,,,,,,,,,,,,,,,,,,,,,,,,,
_500m_16_days_VI_Quality_2001097_aid0001,aid0001,2001-04-07,24.0,363.0,,31.0,,,,,,723.0,,75.0,,,,29.0,,211.0,,,,,,,,,,,,,,25.0,,,,,,,,,39.0,,3.0,,,,,3.0,,72.0,,,,,,,5.0,,,,,,,,,12.0,,,,,,,,,,,,,,,,,,,,,,,,,,,,,,,,,,,,,,,,,,,,,,,,,,,,,,,,,,,,,,,,,,,,,,,,,,,,,,,,,,,,,,,,,,,,,,,2.0,,,,,,,,,,,,,,,,,,,,,,,,,,,,,,,,,,,,,,,,,,,,
_500m_16_days_VI_Quality_2001113_aid0001,aid0001,2001-04-23,,357.0,,5.0,,,,,,144.0,,,,,,820.0,,,,,,,,,,,,,,,,,,,,,,,,,151.0,,,,,,,119.0,,,,,,,,,,,,1.0,,,,,,18.0,,,,,,,,,,,,,,,,,,,,,,,,,,,,,,,,,,,,,,,,,,,,,,,,,,,,,,2.0,,,,,,,,,,,,,,,,,,,,,,,,,,,,,,,,,,,,,,,,,,,,,,,,,,,,,,,,,,,,,,,,,,,,,,,,,,,,,,,,,,,,,
_500m_16_days_VI_Quality_2001129_aid0001,aid0001,2001-05-09,7.0,288.0,,14.0,,,,,,918.0,,4.0,,,,164.0,,,,,,,,,,,,,,,,7.0,,,,,,,,,156.0,,5.0,,,,,33.0,,21.0,,,,,,,,,,,,,,,,,,,,,,,,,,,,,,,,,,,,,,,,,,,,,,,,,,,,,,,,,,,,,,,,,,,,,,,,,,,,,,,,,,,,,,,,,,,,,,,,,,,,,,,,,,,,,,,,,,,,,,,,,,,,,,,,,,,,,,,,,,,,,,,,,,,,,,,,,,,
_500m_16_days_VI_Quality_2001145_aid0001,aid0001,2001-05-25,,492.0,,,,,,,,,,,,,,259.0,,18.0,,,,,377.0,,,,,,,,,,,,,,,,,,11.0,,,,,,,125.0,,2.0,,,,,,,276.0,,,,,,,,,17.0,,,,,,,,,,,,,,,,,,,,,,,,,,,,,,,,4.0,,,,,,,,,,,,,,,,,,,,,,,,,,,,,,,,,,,,,,,,,,,,,,,,,,,,,,10.0,,,,,,,,,25.0,,,,,,,,,,,,,,,,,,,,,,,,,1.0,,,,,,,,,,,,,,,,,,,
_500m_16_days_VI_Quality_2001353_aid0001,aid0001,2001-12-19,,,,48.0,,39.0,3.0,96.0,,,,,,355.0,,,,5.0,33.0,,114.0,,,,,,,,,,,,,,,,,31.0,17.0,,,,16.0,5.0,71.0,6.0,,,,33.0,,91.0,2.0,88.0,13.0,,,,18.0,,18.0,,1.0,,,,10.0,20.0,46.0,,,,,,,,,4.0,,,,,,,,16.0,,,,,,,,,4.0,1.0,,,,,,,,,,,,,,,,,,,,,,,,,,,17.0,,,,8.0,,8.0,,,,,1.0,,,,,,,,,,,6.0,10.0,,,16.0,,,,,23.0,2.0,197.0,,6.0,16.0,,,,41.0,10.0,25.0,2.0,,,,,,,,,,,,,,,,,,,,,,,5.0,,,3.0,3.0,,2.0,12.0,,,,,,,,,
_500m_16_days_VI_Quality_2002001_aid0001,aid0001,2002-01-01,5.0,146.0,,6.0,,,,,,615.0,20.0,,,,,388.0,9.0,1.0,,,,,,,19.0,,,,,,,11.0,,,,,,,,,41.0,4.0,,,,,,95.0,2.0,3.0,,,,,,,1.0,,5.0,,,,,,,12.0,1.0,,,,,,,,18.0,,,,,,,,,,,,,,,,,,2.0,,,,,,,,,,,,,,,,,,,,6.0,,,,,,,52.0,11.0,,,,39.0,6.0,7.0,,,,,,,,,,,,,,,,,,,,15.0,,,,,29.0,2.0,22.0,,,,,,,7.0,,10.0,,,,,,,,,,,,,2.0,,,,,,,,,,1.0,,,,,,,,,4.0,,,,,,,,,,
_500m_16_days_VI_Quality_2002017_aid0001,aid0001,2002-01-17,,152.0,,180.0,,2.0,,,,48.0,,37.0,,,,184.0,,43.0,,,,,9.0,,,,,,,,,12.0,,14.0,6.0,,,,,,23.0,,24.0,,,,,275.0,2.0,89.0,7.0,,,,,,16.0,,3.0,,,,,,,76.0,51.0,,,,,,,,,,,,,,,,7.0,6.0,,,,,,,,,40.0,12.0,,,,1.0,,,,,,,,,,,,,,,,,,,,,,,,2.0,,,47.0,,9.0,,,,,,,3.0,,,,,,4.0,,,,,,,2.0,2.0,,,,112.0,,18.0,,,,,,,17.0,4.0,42.0,14.0,,,,,,,,,,,,,,,,,,,,,,,,,,5.0,,,,14.0,3.0,,,,,,,,,,
_500m_16_days_VI_Quality_2002033_aid0001,aid0001,2002-02-02,,175.0,,87.0,,,,,,8.0,,293.0,,,,93.0,,322.0,,,,,,,,,,,,,,7.0,,16.0,,,,,,,18.0,,43.0,,,,,69.0,,164.0,,,,,,,23.0,,12.0,,,,,,,103.0,3.0,,,,,,,,,,,,,,,,,,,,,,,,,,1.0,5.0,,,,4.0,,,,,,,,,,,,,,,,,,,,,,,,14.0,,,14.0,,3.0,,,,,,,,,,,,8.0,,,,,,,,1.0,,,,,34.0,,1.0,,,,,,,59.0,7.0,,4.0,,,,,,,,,,,,,,,,,,,,,,,,,,,,,,26.0,,,,,,,,,,,
_500m_16_days_VI_Quality_2002049_aid0001,aid0001,2002-02-18,,251.0,31.0,6.0,,,,,,753.0,,193.0,,,,104.0,,11.0,,,,,,,,,,,,,,4.0,,11.0,,,,,,,44.0,,50.0,,,,,98.0,,14.0,,,,,,,3.0,,,,,,,,,11.0,1.0,,,,,,,,8.0,,,,,,,,,,,,,,,,,,8.0,,,,,,,,,,,,,,,,,,,,,,,,,,,,,,,,,,,,,,,,,,,,,,,,,,,,,,,,,,,3.0,,,,,,,,,12.0,1.0,,,,,,,,,,,,,,,,,,,,,,,,,,,,,,,,,,,,,,,,,,,
_500m_16_days_VI_Quality_2002065_aid0001,aid0001,2002-03-06,12.0,198.0,8.0,21.0,,,,,,671.0,,213.0,,,,213.0,,3.0,,,,,84.0,,,,,,,,,22.0,,15.0,,,,,,,83.0,,14.0,,,,,12.0,,3.0,,,,,,,6.0,,,,,,,,,15.0,3.0,,,,,,,,1.0,,,,2.0,,,,,,,,,,,,,,4.0,,,,,,,,,,,,,,,,,,,,,,,,,,,,,,,,,,,,,,,3.0,,,,,,,,1.0,,,,,,,,,,,,3.0,,,,,,,,,5.0,,,,,,,,,,,,,,,,,,,,,,,,,,,,,,,,,2.0,,,,,,,,,,,
_500m_16_days_VI_Quality_2002081_aid0001,aid0001,2002-03-22,22.0,312.0,,18.0,,,,,,239.0,,40.0,,,,719.0,,45.0,,,,,27.0,,,,,,,,,20.0,,,,,,,,,52.0,,12.0,,,,,39.0,,40.0,,,,,,,14.0,,,,,,,,,,18.0,,,,,,,,,,,,,,,,,,,,,,,,,,,,,,,,,,,,,,,,,,,,,,,,,,,,,,,,,,,,,,,,,,,,,,,,,,,,,,,,,,,,,,,,,,,,,,,,,,,,,,,,,,,,,,,,,,,,,,,,,,,,,,,,,,,,,,,,,,
_500m_16_days_VI_Quality_2002097_aid0001,aid0001,2002-04-07,,185.0,61.0,100.0,,,,,,,,1139.0,,,,20.0,,,,,,,14.0,,,,,,,,,,,14.0,,,,,,,2.0,,38.0,,,,,28.0,,7.0,,,,,,,5.0,,,,,,,,,1.0,,,,,,,,,3.0,,,,,,,,,,,,,,,,,,,,,,,,,,,,,,,,,,,,,,,,,,,,,,,,,,,,,,,,,,,,,,,,,,,,,,,,,,,,,,,,,,,,,,,,,,,,,,,,,,,,,,,,,,,,,,,,,,,,,,,,,,,,,,,,,,
_500m_16_days_VI_Quality_2002113_aid0001,aid0001,2002-04-23,,476.0,,79.0,,,,,,,,,,,,228.0,,10.0,,,,,,,,,,,,,,,,,,,,,,,14.0,,,,,,,378.0,6.0,28.0,,,,,,,50.0,4.0,21.0,,,,,,,133.0,20.0,,,,,,,,,,,,,,,,,,,,,,,,,,24.0,,,,,2.0,1.0,,,,,,,,,,,,,,,,,,,,,,,,,,,,16.0,,,,,,,,,,,,,,,,,,,,,,,,,34.0,,57.0,,,,,,,32.0,,,,,,,,,,,,,,,,,,,,,,,,,,,,,4.0,,,,,,,,,,,,,,,
_500m_16_days_VI_Quality_2002129_aid0001,aid0001,2002-05-09,,153.0,,277.0,,,,,,551.0,,37.0,,,,169.0,,,,,,,,,226.0,,,,,,,9.0,,,,,,,,,86.0,,31.0,,,,,14.0,,8.0,,,,,,,,,56.0,,,,,,,,,,,,,,,,,,,,,,,,,,,,,,,,,,,,,,,,,,,,,,,,,,,,,,,,,,,,,,,,,,,,,,,,,,,,,,,,,,,,,,,,,,,,,,,,,,,,,,,,,,,,,,,,,,,,,,,,,,,,,,,,,,,,,,,,,,,,,,,,,,
_500m_16_days_VI_Quality_2002145_aid0001,aid0001,2002-05-25,,289.0,,57.0,,,,,,915.0,,8.0,,,,70.0,,88.0,,,,,2.0,,11.0,,,,,,,,,6.0,,,,,,,47.0,,18.0,,,,,45.0,,33.0,,,,,,,19.0,,2.0,,,,,,,,,,,,,,,,,,,,,,,,,,,,,,,,,,,,,,,,,,,,,,,,,,,,,,,,,,,,,,,,,,,,3.0,,,,,,,,,,,,,,,,,,,,,,,,,4.0,,,,,,,,,,,,,,,,,,,,,,,,,,,,,,,,,,,,,,,,,,,,,,,,,,,,,
_500m_16_days_VI_Quality_2002353_aid0001,aid0001,2002-12-19,,,3.0,45.0,26.0,55.0,,40.0,,,,102.0,326.0,,,,,75.0,355.0,,7.0,,,,5.0,,17.0,,,,,,,3.0,,29.0,,10.0,9.0,,,,17.0,38.0,,,,,,12.0,,84.0,,1.0,10.0,,,,,,20.0,,,,,,9.0,12.0,35.0,,,,,,,,,,,,4.0,,,,,6.0,,,,,,,,,,2.0,,,,2.0,,,,,,,,,,,,,,,,,8.0,,,,,1.0,,,,,8.0,,27.0,2.0,,,,11.0,47.0,,,,,,,,7.0,3.0,1.0,9.0,,9.0,10.0,,,,,31.0,1.0,11.0,,,,,,,4.0,2.0,41.0,1.0,,,,,,,,,,,,,,4.0,,,,,,,,,,,1.0,1.0,,,3.0,11.0,4.0,,,,,,,,
_500m_16_days_VI_Quality_2003001_aid0001,aid0001,2003-01-01,,145.0,1.0,6.0,,10.0,,,,102.0,,329.0,,,,350.0,,276.0,,,,,24.0,,,,,,,,,2.0,,32.0,,6.0,6.0,,,,12.0,,10.0,,,,,39.0,,92.0,,,,,,,38.0,,,,,,,,,13.0,5.0,17.0,,,,,,,6.0,3.0,,,12.0,,,,,,2.0,,,,,,,,1.0,2.0,,,,,,,,,,,,,,,,,,,,,,,,,,,,,,,,,,,,,,39.0,,,,,,,,,1.0,,2.0,1.0,,,,3.0,,,,10.0,,1.0,,,,,,,19.0,,,,,,,,,,,,,,,,,,,,,,,,,,,,,,,,,,,,,,,,,,,,
_500m_16_days_VI_Quality_2003017_aid0001,aid0001,2003-01-17,14.0,227.0,4.0,21.0,,2.0,,,,256.0,,164.0,,,,66.0,,116.0,,,,,,,,,,,,,,30.0,,,,,,,,,59.0,,21.0,,,,,102.0,3.0,101.0,,,,,,,9.0,,1.0,,,,,,,208.0,,,,,3.0,,,,,,,,,,,,1.0,,,,,10.0,,,,,6.0,9.0,,,,,,,,,,,,,,,,,,,,,,,,,,,,,,,8.0,,7.0,,,,,,,,,,,,4.0,,,,,,,,,,,,,73.0,,16.0,,,,,,,40.0,3.0,,,,,,,,,,,,,,11.0,,,,,,,,,,,,,,12.0,,,,10.0,,,,,,,,,,,
_500m_16_days_VI_Quality_2003033_aid0001,aid0001,2003-02-02,,281.0,,113.0,,,,,,731.0,,,,,,111.0,,,,,,,,,,,,,,,,37.0,,1.0,,,,,,,90.0,,3.0,,,,,76.0,,10.0,,,,,,,10.0,,18.0,,,,,,,31.0,29.0,,,,,,,,,,,,,,,,,,,,,,,,,,9.0,20.0,,,,,5.0,,,,,,,,,,,,,,,,,,,,,,,,,,11.0,,,,,,,,,,,,,,,,,,,,,,,,,,,9.0,,1.0,,,,,,,17.0,,,,,,,,,,,,,,,2.0,,,,,,,,,,,,,,1.0,,,,1.0,,,,,,,,,,,
_500m_16_days_VI_Quality_2003049_aid0001,aid0001,2003-02-18,65.0,171.0,,,,,,,,1095.0,,,,,,,,,,,,,,,,,,,,,,126.0,,,,,,,,,50.0,,,,,,,29.0,,,,,,,,,,1.0,,,,,,,,54.0,,,,,,,,,,,,,,,,,8.0,,,,,,,,,,,,,,,6.0,,,,,,,,,,,,,,,,,,,,,,,,,,,,,,,,,,,,,,,,,,,,,,,,,,,,,,3.0,,,,,,,,,5.0,2.0,,,,,,,,,,,,,,,,,,,,,,,,,,,,2.0,,,,,,,,,,,,,,,
_500m_16_days_VI_Quality_2003065_aid0001,aid0001,2003-03-06,,436.0,,17.0,,,,,,80.0,,,,,,86.0,,195.0,,,,,,,447.0,,,,,,,1.0,,,,,,,,,29.0,,,,,,,86.0,,76.0,,,,,,,,,71.0,,,,,,,18.0,1.0,,,,,,,,,,,,,,,,,,,,,,,,,,2.0,,,,,,,,,,,,,,,,,,,,,,,,,,,,,,,,,,3.0,,,,,,,,,,,,,,,,,,,,,,,,,32.0,,21.0,,,,,,,15.0,1.0,,,,,,,,,,,,,,,,,,,,,,,,,,,,,,,,,,,,,,,,,,,
_500m_16_days_VI_Quality_2003081_aid0001,aid0001,2003-03-22,,31.0,3.0,349.0,,,,,,,,,,,,,,301.0,,,,,,,402.0,,,,,,,,,,,,,,,,,,,,,,,,,116.0,,,,,,,26.0,,338.0,,,,,,,,4.0,,,,,,,,,,,,,,,,,,,,,,,,,,,,,,,,24.0,,,,,,,,,,,,,,,,,,,,,,,,,,,,,,,,,,,,,,,,,,,,,,,,,,,,,,,3.0,,,,,,,11.0,,9.0,,,,,,,,,,,,,,,,,,,,,,,,,,,,,,,,,,,,,,,,,,
_500m_16_days_VI_Quality_2003097_aid0001,aid0001,2003-04-07,2.0,348.0,13.0,3.0,,,,,,852.0,,65.0,,,,41.0,,24.0,,,,,,,,,,,,,,11.0,,,,,,,,,114.0,,33.0,,,,,91.0,,,,,,,,,19.0,,,,,,,,,,,,,,,,,,,,,,,,,,,,,,,,,,,,,,,,,,,,,,,,,,,,,,,,,,,,,,,1.0,,,,,,,,,,,,,,,,,,,,,,,,,,,,,,,,,,,,,,,,,,,,,,,,,,,,,,,,,,,,,,,,,,,,,,,,,,,,,,,,,,,,,
_500m_16_days_VI_Quality_2003113_aid0001,aid0001,2003-04-23,15.0,284.0,,40.0,,,,,,817.0,,,,,,151.0,,70.0,,,,,,,,,,,,,,1.0,,,,,,,,,75.0,,,,,,,128.0,,28.0,,,,,,,4.0,,,,,,,,,2.0,,,,,,,,,,,,,,,,,,,,,,,,,,,,,,,,,,,,,,,,,,,,,,,,,,,,,,,,,,,,,,,,,,,,,,,,,,,,,,,,,,,,,,,,,,,,,,,2.0,,,,,,,,,,,,,,,,,,,,,,,,,,,,,,,,,,,,,,,,,,,,
_500m_16_days_VI_Quality_2003129_aid0001,aid0001,2003-05-09,,524.0,,12.0,,,,,,6.0,,,,,,561.0,,9.0,,,,,143.0,,,,,,,,,8.0,,,,,,,,,22.0,,,,,,,191.0,,,,,,,,,80.0,2.0,,,,,,,,5.0,4.0,,,,,,,,,,,,15.0,,,,,,,,,,,,,,,,,,,11.0,,,,,,,,,,,,,,,,,,,,,,,,,,,,,,,,,,6.0,,,,,,,,,,,,,,,,,,,,5.0,,,,,,,,,10.0,1.0,2.0,,,,,,,,,,,,,,,,,,,,,,,,,,,,,,,,,,,,,,,,,,
_500m_16_days_VI_Quality_2003145_aid0001,aid0001,2003-05-25,,313.0,,32.0,,,,,,68.0,,,,,,916.0,,19.0,,,,,92.0,,5.0,,,,,,,,,,,,,,,,7.0,,,,,,,115.0,,24.0,,,,,,,14.0,,,,,,,,,,,,,,,,,,,,,,,,,,,,,,,,,,,,,,,,,,,,,,,,,,,,,,,,,,,,,,,,,,,,,,,,,,,,,,,,,,,,,,,,,,4.0,,,,,6.0,,,,,,,,,2.0,,,,,,,,,,,,,,,,,,,,,,,,,,,,,,,,,,,,,,,,,,,,
_500m_16_days_VI_Quality_2003353_aid0001,aid0001,2003-12-19,,,,73.0,4.0,132.0,,,,,,,,,,,,314.0,89.0,,,,,,78.0,,30.0,2.0,,,,,,,,5.0,3.0,,,,,,,5.0,,,,,,149.0,,115.0,,,,,,,41.0,6.0,64.0,10.0,,,,,5.0,101.0,3.0,,,,,,,,,,,,,,,,,,,,,,,,,4.0,,,,,2.0,21.0,,,,,,15.0,,,,,,,,,,,25.0,,,,,,,,,,12.0,,23.0,,,,,14.0,41.0,,,,,,,,,,,,,,,,,,,15.0,,21.0,1.0,,,,,,84.0,25.0,37.0,13.0,,,,,,,,,,,,,,2.0,3.0,,,,,,,,,,11.0,2.0,,,5.0,12.0,,,,,,,,,
_500m_16_days_VI_Quality_2004001_aid0001,aid0001,2004-01-01,,2.0,300.0,,,,,,,368.0,,562.0,,,,17.0,,269.0,,,,,,,,,,,,,,,,,,,,,,,,,,,,,,,,,,,,,,,,,6.0,,,,,,,,53.0,,,,,,,,,35.0,,,,,,,,,,,,,,,,,,,,,,,,,,,,,,,,,,,,,,,,,,,,,,,,,,,,,,,,,,,,,,,,,,,,,,,,,,,,,,,,,,,,,4.0,,1.0,,,,,,,,,,,,,,,,,,,,,,,,,,,,,,,,,,,,,,,,,,
_500m_16_days_VI_Quality_2004017_aid0001,aid0001,2004-01-17,8.0,216.0,,,,6.0,,,,894.0,,,,,,142.0,,,,,,,,,,,,,,,,53.0,,,,,,,,,69.0,,,,,,,50.0,,,,,,,,,1.0,,,,,,,,,33.0,,4.0,,,,,,,5.0,,,,,,,,,,,,,6.0,,,,,3.0,,,,,1.0,,,,,,,,,,,,,,,,,,,,,,4.0,,,,,39.0,,,,,,,,,,,,,,13.0,,,,,,,,3.0,,,,,43.0,,,,,,,,,9.0,,,,,,,,,,,,,,,8.0,,,,,,,,,,,,,,1.0,,5.0,,1.0,,,,,,,,,,,
_500m_16_days_VI_Quality_2004033_aid0001,aid0001,2004-02-02,51.0,106.0,,11.0,,,,,,1106.0,,7.0,,,,51.0,,7.0,,,,,,,,,,,,,,110.0,,6.0,,,,,,,43.0,,2.0,,,,,41.0,,9.0,,,,,,,,,,,,,,,,12.0,,,,,5.0,,,,10.0,,,,,,,,18.0,,,,,5.0,,,,,,3.0,,,,,,,,,,,,,,,,,,,,,,,,,,,,,,,,,,,,,,,,,,,,,,,2.0,,,,,,1.0,,,,,2.0,,7.0,,,,,,,,,,,,,,,,,,,,,,,,,,,,,,,,,2.0,,,,,,,,,,,,,,,,,,
_500m_16_days_VI_Quality_2004049_aid0001,aid0001,2004-02-18,,184.0,,164.0,,,,,,,,,,,,261.0,,518.0,,,,,23.0,,24.0,,,,,,,,1.0,,,,,,,,4.0,,,,,,,59.0,3.0,166.0,,,,,,,7.0,,65.0,10.0,,,,,,25.0,10.0,,,,,,,,,16.0,,,2.0,,,,,,,,,,,,,,,,,,,,,,,,,,,,,,,,,,,,,,,,,,,,,,19.0,,,,,,,7.0,,,,,,,,,,,,,,,,,,,,19.0,,,,,,,,,25.0,,,5.0,,,,,,,,,,,,,,,,,,,,,,,,,,,,,,,,,,,,,,,,,
_500m_16_days_VI_Quality_2004065_aid0001,aid0001,2004-03-05,,209.0,144.0,44.0,,,,,,549.0,,118.0,,,,213.0,,1.0,,,,,,,,,,,,,,2.0,,108.0,,,,,,,19.0,,2.0,,,,,40.0,,8.0,,,,,,,7.0,,21.0,,,,,,,26.0,58.0,,,,,,,,,,,,,,,,,8.0,,,,,20.0,,,,5.0,10.0,,,,,3.0,,,,,,,,,,,,,,,,,,,,,,,,,,,,,,,,,,,,,,,,,,,,,,,,,,,,,,,,,,,,,,1.0,,,1.0,,,,,,,,,,,,,,,,,,,,,,,,,,,,,,,,,,,,,,,,,
_500m_16_days_VI_Quality_2004081_aid0001,aid0001,2004-03-21,5.0,297.0,19.0,26.0,,,,,,676.0,,164.0,,,,137.0,,3.0,,,,,,,,,,,,,,1.0,,63.0,,,,,,,78.0,,6.0,,,,,95.0,,28.0,,,,,,,6.0,,,,,,,,,3.0,10.0,,,,,,,,,,,,,,,,,,,,,,,,,,,,,,,,,,,,,,,,,,,,,,,,,,,,,,,,,,,,,,,,,,,,,,,,,,,,,,,,,,,,,,,,,,,,,,,,,,,,,,,,,,,,,,,,,,,,,,,,,,,,,,,,,,,,,,,,,,
_500m_16_days_VI_Quality_2004097_aid0001,aid0001,2004-04-06,10.0,350.0,,2.0,,,,,,958.0,,2.0,,,,32.0,,,,,,,,,,,,,,,,24.0,,,,,,,,,143.0,,12.0,,,,,69.0,,13.0,,,,,,,,,2.0,,,,,,,,,,,,,,,,,,,,,,,,,,,,,,,,,,,,,,,,,,,,,,,,,,,,,,,,,,,,,,,,,,,,,,,,,,,,,,,,,,,,,,,,,,,,,,,,,,,,,,,,,,,,,,,,,,,,,,,,,,,,,,,,,,,,,,,,,,,,,,,,,,
_500m_16_days_VI_Quality_2004113_aid0001,aid0001,2004-04-22,,314.0,,67.0,,,,,,3.0,,129.0,,,,553.0,,290.0,,,,,,,1.0,,,,,,,,,6.0,,,,,,,4.0,,22.0,,,,,147.0,,53.0,,,,,,,3.0,,4.0,2.0,,,,,,10.0,,,,,,,,,,,,,,,,,,,,,,,3.0,,,,,,,,,1.0,,,,,,,,,,,,,,,,,,,,,,,,,,,,,,,,,,,,,,,,,,,,,,,,,,,,,,,,,,,,,,,2.0,,3.0,,,,,,,,,,,,,,,,,,,,,,,,,,,,,,,,,,,,,,,,,,
_500m_16_days_VI_Quality_2004129_aid0001,aid0001,2004-05-08,,327.0,,725.0,,,,,,,,,,,,,,20.0,,,,,,,54.0,,,,,,,,,,,,,,,,,,,,,,,,,58.0,,,,,,,9.0,9.0,53.0,,,,,,,64.0,129.0,,,,,,,,,,,,,,,,,,,,,,,,,,,,,,,20.0,27.0,,,,,,,,,,,,,,,,,,,,,,,,,,,,,,,,,,,,,,,,,,,,,,,,,,,,,7.0,,,,,,,,,39.0,2.0,51.0,,,,,,,,,,,,,,,,,15.0,,,,,,,,,,,,,,8.0,,,,,,,,,,,
_500m_16_days_VI_Quality_2004145_aid0001,aid0001,2004-05-24,,389.0,,19.0,,,,,,424.0,,253.0,,,,311.0,,38.0,,,,,,,,,,,,,,1.0,,2.0,,,,,,,52.0,,28.0,,,,,39.0,,27.0,,,,,,,13.0,,10.0,,,,,,,2.0,4.0,,,,,,,,,,,,,,,,,,,,,,,,,,,,,,,,,,,,,,,,,,,,,,,,,,,,,,,,,,,,,,,,,,,,,,,,,,,,,,,,,,,,,,,2.0,,,,,,,,,2.0,1.0,,,,,,,,,,,,,,,,,,,,,,,,,,,,,,,,,,,,,,,,,
_500m_16_days_VI_Quality_2004353_aid0001,aid0001,2004-12-18,,,70.0,85.0,6.0,16.0,,70.0,,,,207.0,,,,,,62.0,152.0,,17.0,,,,,,34.0,,2.0,,,,,82.0,2.0,,,,,,,,111.0,,,,,,,95.0,,55.0,,10.0,1.0,,,,,,5.0,1.0,,1.0,,,29.0,4.0,34.0,,,,,,,5.0,,,,,,,,3.0,,,,,,,,,,,2.0,1.0,,,,,2.0,,,,64.0,,,,7.0,,,,,,27.0,,2.0,,,,,26.0,,,,,37.0,,39.0,,,,,3.0,56.0,1.0,,,,,20.0,,,,,,,25.0,,,,,,33.0,,62.0,,5.0,1.0,,,,1.0,,24.0,4.0,2.0,,,,,,,,,,3.0,,,,,,6.0,,,,,,,,,1.0,,,,4.0,,,,,,,,,
_500m_16_days_VI_Quality_2005001_aid0001,aid0001,2005-01-01,45.0,50.0,,9.0,81.0,68.0,,,,207.0,,218.0,305.0,,,40.0,,94.0,,,,,,,4.0,,,,,,,50.0,,1.0,,,20.0,,,,83.0,,,7.0,,,,24.0,,8.0,,,,,,,1.0,,5.0,,,,,,,2.0,,66.0,,,,1.0,10.0,,16.0,,,,,,,,,,2.0,,,,,,,,1.0,,,,,,,,,,21.0,,,,,1.0,,,,,3.0,,,,17.0,5.0,,21.0,,,,,20.0,,,,,,,,,32.0,,,,,29.0,,,,,,,,9.0,,,,,22.0,1.0,,,,,,,,,,10.0,1.0,,,,,,,,,,,,,,,,,,,,6.0,,,,,,,,,,,1.0,,,,,,,,,,
_500m_16_days_VI_Quality_2005017_aid0001,aid0001,2005-01-17,5.0,200.0,,7.0,,,,,,928.0,,,,,,21.0,,,,,,,,,,,,,,,,74.0,,,,,,,,,62.0,,,,,,,53.0,,,,,,,,,,,5.0,,,,,,,42.0,2.0,,,,,,,,,,,,,,,,1.0,,,,,,,,,,2.0,,,,,2.0,,,,,,,,,,,,,,,4.0,,,,,,,22.0,,,,,9.0,,,,,,,,,,,,,,30.0,,,,,,,,27.0,,,,,78.0,2.0,,,,,,,,14.0,1.0,13.0,,,,,,,,,,,,,,,,,,,1.0,,,,1.0,,,,11.0,,,,,,,,,,,,,,,
_500m_16_days_VI_Quality_2005033_aid0001,aid0001,2005-02-02,,499.0,,316.0,,,,,,,,,,,,,,,,,,,,,,,,,,,,,44.0,,,,,,,,,,,,,,,,,,,,,,,,20.0,13.0,7.0,36.0,,,,,,141.0,71.0,,,,,,,,,,,,,,,,5.0,,,,,,,,,,,,,,,,4.0,,,,14.0,9.0,,,,7.0,,,,,,,,,,,,,,,,,,,,,,,,,,,,,,,,95.0,8.0,,,,,,,,,,,32.0,,,,,,,,,111.0,18.0,22.0,42.0,,,,,,,,,,,,,,,,,,26.0,,,,,,,,,,,,28.0,15.0,,,24.0,,,,7.0,,3.0,
_500m_16_days_VI_Quality_2005049_aid0001,aid0001,2005-02-18,18.0,216.0,78.0,14.0,,,,,,638.0,,33.0,,,,45.0,,136.0,,,,,16.0,,,,,,,,,22.0,,12.0,,,,,,,139.0,,2.0,,,,,75.0,,113.0,,,,,,,1.0,,,1.0,,,,,,24.0,1.0,,,,,,,,,,,,,,,,,,,,,5.0,,,,,,,,,,,,,,,,,,,,,,,,,,,,,,,,,,,,,,,,,,,,17.0,,,,,,,,,,,,,,,,,,,,7.0,,,,,,,,,1.0,3.0,,,,,,,,,,,,,,,,,,,,,,,,,,,,,,,,,,,,,,,,,,,
_500m_16_days_VI_Quality_2005065_aid0001,aid0001,2005-03-06,,315.0,,16.0,,,,,,712.0,,,,,,361.0,,,,,,,,,,,,,,,,11.0,2.0,,,,,,,,29.0,,,,,,,42.0,,,,,,,,,29.0,,,,,,,,,39.0,,,,,,,,,14.0,,,,,,,,,,,,,,,,,,9.0,,,,,1.0,,,,,,,,,,,,,,,,,,,,,,,,,,,4.0,,,,,,,,,,,,,,,,,,,,,,,,,,,28.0,,,,,,,,,4.0,,,1.0,,,,,,,,,,,,,,,,,,,,,,,,,,,,,,,,,,,,,,,,,
_500m_16_days_VI_Quality_2005081_aid0001,aid0001,2005-03-22,,478.0,,12.0,,,,,,153.0,,34.0,,,,426.0,,24.0,,,,,208.0,,,,,,,,,10.0,,,,,,,,,19.0,,3.0,,,,,43.0,,,,,,,,,56.0,,2.0,6.0,,,,,,34.0,6.0,,,,,,,,,,,,32.0,8.0,,,,,,,,,,,,,2.0,,,,,7.0,3.0,,,,,,,,,,,,,,,,,,,,,,,,,,,,,,,,,,,,,,,,,,,,,,,,,,,,,26.0,,,,,,,,,6.0,,4.0,,,,,,,,,,,,,,,,5.0,,,,,,,,,,,1.0,,,,9.0,,,,,,,,,,,
_500m_16_days_VI_Quality_2005097_aid0001,aid0001,2005-04-07,23.0,337.0,4.0,30.0,,,,,,797.0,,17.0,,,,117.0,,42.0,,,,,1.0,,,,,,,,,13.0,,9.0,,,,,,,33.0,,2.0,,,,,100.0,,52.0,,,,,,,29.0,,,,,,,,,9.0,,,,,,,,,,,,,,,,,,,,,,,,,,,,,,,,2.0,,,,,,,,,,,,,,,,,,,,,,,,,,,,,,,,,,,,,,,,,,,,,,,,,,,,,,,,,,,,,,,,,,,,,,,,,,,,,,,,,,,,,,,,,,,,,,,,,,,,,,,,,,,
_500m_16_days_VI_Quality_2005113_aid0001,aid0001,2005-04-23,,413.0,,31.0,,,,,,805.0,,21.0,,,,66.0,,22.0,,,,,3.0,,22.0,,,,,,,6.0,,,,,,,,,106.0,,14.0,,,,,71.0,,29.0,,,,,,,,,2.0,,,,,,,,2.0,,,,,,,,,,,,,,,,,,,,,,,,,,,,,,,,,,,,,,,,,,,,,,,,,,,,,,,,,,,,,,,,,,,,,,,,,,,,,,,,,,,,,,,,,,,,,,4.0,,,,,,,,,,,,,,,,,,,,,,,,,,,,,,,,,,,,,,,,,,,,
_500m_16_days_VI_Quality_2005129_aid0001,aid0001,2005-05-09,20.0,411.0,,69.0,,,,,,894.0,,1.0,,,,37.0,,,,,,,,,,,,,,,,18.0,,3.0,,,,,,,104.0,,6.0,,,,,32.0,,,,,,,,,,2.0,,,,,,,,1.0,,,,,,,,,,,,,,,,,,,,,,,,,,,,,,,,,,,,,,,,,,,,,,,,,,,,,,,,,,,,,,,,,,,,,,,,,,,,,,,,,,,,,,,,,,,,,,,10.0,,9.0,,,,,,,,,,,,,,,,,,,,,,,,,,,,,,,,,,,,,,,,,,
_500m_16_days_VI_Quality_2005145_aid0001,aid0001,2005-05-25,20.0,330.0,,73.0,,,,,,676.0,,,,,,90.0,,,,,,,26.0,6.0,42.0,,,,,,,6.0,,11.0,,,,,,,135.0,,18.0,,,,,76.0,,12.0,,,,,,,50.0,,11.0,,,,,,,10.0,5.0,,,,,,,,,,,,,,,,,,,,,,,,,,,,,,,,,,,,,,,,,,,,,,,,,,,,,,,,,,,,,,,,,,,8.0,,,,,,,,,,,,,,,,,,2.0,,,,,,,,,9.0,,1.0,,,,,,,,,,,,,,,,,,,,,,,,,,,,,,,,,,,,,,,,,,
_500m_16_days_VI_Quality_2005353_aid0001,aid0001,2005-12-19,,,5.0,78.0,15.0,107.0,,2.0,,,,132.0,134.0,,,,,,551.0,,,,,,,,11.0,,,,,,,16.0,,,,,,,,,54.0,6.0,,,,,,9.0,,111.0,,,,,,,,,9.0,,,,,,23.0,34.0,,,,,,,,,,,,,,,,,,,,,,,,,,,3.0,,,,,4.0,,,,,,4.0,,,,,,,,,,,,,,,,9.0,12.0,,,,,,50.0,,,,,,,,,,,,5.0,,3.0,,,,,31.0,12.0,,,,,11.0,,60.0,,1.0,,,,,32.0,12.0,31.0,,,8.0,,,,,,,,,,,,,,,,,,,,,,,,,,,1.0,8.0,,,,23.0,,,,,
_500m_16_days_VI_Quality_2006001_aid0001,aid0001,2006-01-01,16.0,209.0,,98.0,,,,,,525.0,,62.0,,,,138.0,,99.0,,,,,,,16.0,,,,,,,24.0,,17.0,,,,,,,43.0,,5.0,,,,,4.0,,113.0,,,,,,,3.0,,9.0,,,,,,,22.0,15.0,,,,,,,,,,,,,,,,,3.0,,,,,,,,,,5.0,,,,,1.0,,,,,,,,,,,,,,,,,,,,,8.0,,,,,5.0,,28.0,,,,,,,,,,,,7.0,,,,,,,,,,,,,32.0,,27.0,,,,,,,37.0,12.0,23.0,1.0,,,,,,,,,,,,,,,,,,,,,,,,,,,9.0,,,1.0,,,,,,,,,,,
_500m_16_days_VI_Quality_2006017_aid0001,aid0001,2006-01-17,,70.0,,59.0,73.0,163.0,,,,,,,85.0,,,,,,268.0,4.0,,,6.0,,,,,,,,,,,,,57.0,40.0,,,,,,,,,,,,,,,77.0,,,,,,,,2.0,,,,,,10.0,6.0,169.0,,,,,26.0,,,,120.0,,,,,,,,120.0,,,,,16.0,,,,,6.0,,,,,,,,7.0,,,,,14.0,,,,,,,,,,,,,,,,,,,,,,,,,,,,,,,4.0,5.0,,,6.0,1.0,,,,,,,,,,,,,30.0,,,,70.0,6.0,18.0,15.0,,,,,,,,,,,,,,,,,,,,6.0,,,,,,,,,,10.0,5.0,,,13.0,,,,30.0,,,
_500m_16_days_VI_Quality_2006033_aid0001,aid0001,2006-02-02,37.0,180.0,,32.0,,,,,,910.0,,,,,,2.0,,,,,,,,,,,,,,,,98.0,,,,,,,,,123.0,,,,,,,15.0,,,1.0,,,,,,35.0,,,,,,,,,68.0,15.0,,,,,,,,,,,,,,,,,,,,,,,,,,,,,,,7.0,1.0,,,,,,,,,,,,,,,,,,,,,,,,,,,,,,,,,,,,,,,,,,,,,,,,,,,,,9.0,,,,,,,,,53.0,9.0,,1.0,,,,,,,,,,,,,,,,,,,,,,,,,,,,,,21.0,,,,,,,,,,,
_500m_16_days_VI_Quality_2006049_aid0001,aid0001,2006-02-18,,350.0,,71.0,,,,,,119.0,,,,,,639.0,,,,,,,36.0,,,,,,,,,,,1.0,,,,,,,50.0,,,,,,,122.0,,,,,,,,,81.0,,12.0,3.0,,,,,,22.0,6.0,,,,,,,,,,,,6.0,,,,,,,,,,,,,,,,,,,6.0,3.0,,,,,,,,,,,,,,,,,,,,,,,,,,3.0,,,,,,,,,,,,,,,,,,,,,,,,,,,6.0,,,,,,,,,75.0,,5.0,,,,,,,,,,,,,,,,,,,,,,,,,,,,,,,1.0,,,,,,,,,,,
_500m_16_days_VI_Quality_2006065_aid0001,aid0001,2006-03-06,,149.0,,181.0,,,,,,,,24.0,,,,75.0,,865.0,,,,,,,,,,,,,,,,,,,,,,,,,44.0,,,,,19.0,,127.0,,,,,,,15.0,,,,,,,,,77.0,6.0,,,,,,,,,16.0,,,,,,,,,,,,,,,,,,11.0,,,,,,,,,,,,,,,,,,,,,,,,,,,,,,,,,,,,,,,,,,,,,,,,,,,,,,,,,,1.0,,,,,,,,,7.0,,,,,,,,,,,,,,,,,,,,,,,,,,,,,,,,,,,,,,,,,,,,
_500m_16_days_VI_Quality_2006081_aid0001,aid0001,2006-03-22,5.0,226.0,4.0,90.0,,,,,,943.0,,5.0,,,,29.0,,,,,,,,,,,,,,,,68.0,,52.0,,,,,,,106.0,,,,,,,32.0,,,,,,,,,29.0,,1.0,,,,,,,2.0,10.0,,,,,,,,11.0,,,,,,,,,4.0,,,,,,,,,,,,,,,,,,,,,,,,,,,,,,,,,,,,,,,,,,,,,,,,,,,,,,,,,,,,,,,,,,,,,,,,,,,,,,,,,,,,,,,,,,,,,,,,,,,,,,,,,,,,,,,,,,,,,,,,,
_500m_16_days_VI_Quality_2006097_aid0001,aid0001,2006-04-07,5.0,302.0,,62.0,,,,,,647.0,,,,,,7.0,,281.0,,,,,,,,,,,,,,1.0,,,,,,,,,86.0,,,,,,,24.0,,176.0,,,,,,,2.0,,20.0,,,,,,,2.0,2.0,,,,,,,,,,,,,,,,,,,,,,,,,,,,,,,,,,,,,,,,,,,,,,,,,,,,,,,,,,,,,,,,,,,,,,,,,,,,,,,,,,,,,,,,,,,,,,,,,,,,,,,,,,,,,,,,,,,,,,,,,,,,,,,,,,,,,,,,,,
_500m_16_days_VI_Quality_2006113_aid0001,aid0001,2006-04-23,,492.0,25.0,100.0,,,,,,,,202.0,,,,457.0,,1.0,,,,,,,1.0,,,,,,,,,32.0,,,,,,,20.0,,34.0,,,,,121.0,,24.0,,,,,,,31.0,1.0,,,,,,,,23.0,1.0,,,,,,,,,,,,,,,,,,,,,,,,,,,,,,,,,,,,,,,,,,,,,,,,,,,,,,,,,,,,,,,,,,,6.0,,,,,,,,,,,,,,,,,,7.0,,,,,,,,,30.0,,4.0,,,,,,,,,,,,,,,,,,,,,,,,,,,,,,,5.0,,,,,,,,,,,
_500m_16_days_VI_Quality_2006129_aid0001,aid0001,2006-05-09,,615.0,,155.0,,,,,,,,,,,,,,,,,,,34.0,,,,,,,,,,,,,,,,,,,,,,,,,6.0,,,,,,,,,248.0,9.0,121.0,1.0,,,,,,318.0,44.0,,,,,,,,,,,,,,,,,,,,,,,,,,,,,,,30.0,7.0,,,,,,,,,,,,,,,,,,,,,,,,,,,,,,,,,,,,,,,,,,,,,,,,,,,,,,,,,,,,,,14.0,,8.0,,,,,,,,,,,,,,,,,,,,,,,,,,,,,,,7.0,,,,,,,,,,,
_500m_16_days_VI_Quality_2006145_aid0001,aid0001,2006-05-25,,340.0,,12.0,,,,,,41.0,,,,,,986.0,,,,,,,29.0,,,,,,,,,,,,,,,,,,2.0,,,,,,,140.0,,2.0,,,,,,,35.0,,11.0,,,,,,,,,,,,,,,,,,,,,,,,,,,,,,,,,,,,,,,,,,,,,,,,,,,,,,,,,,,,,,,,,,,,,,,,,,,,,,,,,,,,,,,,,,,,,2.0,,,,,,,,,5.0,,12.0,,,,,,,,,,,,,,,,,,,,,,,,,,,,,,,,,,,,,,,,,,
_500m_16_days_VI_Quality_2006353_aid0001,aid0001,2006-12-19,,,,1.0,12.0,157.0,,,,,,,837.0,86.0,,,,,41.0,,,,,,3.0,,,,,,,,,,,54.0,,,,,,,,92.0,,,,,,4.0,,21.0,,,,,,,6.0,,2.0,,,,,,,62.0,,,,,,,,,,,,,,,,,4.0,,,,,,,,,,,,,,,,,,,,,,,,,,,,,,,,10.0,,,,,,35.0,,,,7.0,,12.0,,,,,15.0,13.0,,,,,,,,15.0,,,,,,27.0,,,,,17.0,,48.0,,,,,,,11.0,7.0,4.0,2.0,,,,,,,1.0,,,,,3.0,,,,,,8.0,,,,,,,,,,,,,,,,,,,,,
_500m_16_days_VI_Quality_2007001_aid0001,aid0001,2007-01-01,2.0,130.0,30.0,90.0,15.0,,,,,9.0,,695.0,218.0,,,5.0,,15.0,,,,,52.0,,,,,,,,,24.0,,21.0,,,,,,,29.0,,33.0,,,,,12.0,,15.0,,,,,,,1.0,,2.0,,,,,,,18.0,24.0,,,,,,,,,,,,,,,,,,,,,,,,,,,,,,,,,,,,,,,,,,,,,,2.0,,15.0,,,,,,,8.0,,,7.0,,1.0,,,,,36.0,,,,,,,7.0,,12.0,,,,,,7.0,6.0,,,,24.0,,26.0,,,,,,,18.0,5.0,,,,,,,,,,,,,,,,,1.0,,,,2.0,,,,,,,,,,,,,,,,,,,,,,
_500m_16_days_VI_Quality_2007017_aid0001,aid0001,2007-01-17,3.0,288.0,10.0,51.0,,,,,,200.0,,321.0,,,,329.0,,79.0,,,,,,,14.0,,,,,,,,,14.0,2.0,,,,,,39.0,,,,,,,84.0,,27.0,5.0,,,,,,15.0,1.0,1.0,,,,,,,14.0,15.0,,,,,,,,3.0,1.0,,,,,,,,,,,,,,,,,3.0,,,,,,,,,,,,,,,,,,,,,,2.0,,,,,,,16.0,,,5.0,,,,,,,,,,,,,,,,3.0,,,,,,,,,,,27.0,,15.0,,,,,,,25.0,2.0,1.0,,,,,,,,,,,,,,2.0,,,,,,,,,,,,,,,,,,,,,,,,,,,,
_500m_16_days_VI_Quality_2007033_aid0001,aid0001,2007-02-02,,29.0,212.0,20.0,,,,,,,,141.0,,,,84.0,,942.0,,,,,9.0,,10.0,,,,,,,,,68.0,,,,,,,,,,,,,,4.0,,13.0,,,,,,,3.0,,27.0,,,,,,,3.0,23.0,,,,,,,,,,,,1.0,,,,,25.0,,,,,,,,,,,,,,,,,,,,,,,,,,,,,,,,,,,,,,,,,,,,,,,,,,,,,,,,,,,,,,,,,,,,,,,,,,,,,1.0,,,,,,,,,,,,,,,,,,,,,,,,,,,,,,,,,2.0,,,,,,,,,,,
_500m_16_days_VI_Quality_2007049_aid0001,aid0001,2007-02-18,9.0,265.0,,,,,,,,827.0,,,,,,84.0,,28.0,,,,,118.0,,,,,,,,,86.0,,,,,,,,,56.0,,,,,,,43.0,,30.0,,,,,,,40.0,,1.0,,,,,,,9.0,,,,,,,,,,,,,16.0,,,,,,,,,,,,,,,,,,,,,,,,,,,,,,,,,,,,,,,,,,,,,,,,,,,,,,,,,,,,,,,,,,,,,,,,,4.0,,,,,,,,,1.0,,,,,,,,,,,,,,,,,,,,,,,,,,,,,,,,,,,,,,,,,,,,
_500m_16_days_VI_Quality_2007065_aid0001,aid0001,2007-03-06,,463.0,,4.0,,,,,,138.0,,,,,,211.0,,458.0,,,,,3.0,,15.0,,,,,,,20.0,,,,,,,,,58.0,,,,,,,98.0,,73.0,,,,,,,21.0,1.0,,,,,,,,19.0,,,,,,,,,,,,,,1.0,,,,,,,,,,,,,,,,,,,2.0,,,,,,,,,,,,,,,,,,,,,,,,,,4.0,,,,,,,,,,,,,,,,,,,,,,,,,,,14.0,,,,,,,,,12.0,,,,,,,,,,,,,,,,,,,,,,,,,,,,,2.0,,,,,,,,,,,,,,,
_500m_16_days_VI_Quality_2007081_aid0001,aid0001,2007-03-22,,262.0,32.0,93.0,,,,,,,,250.0,,,,70.0,,235.0,,,,,225.0,,,,,,,,,,,15.0,,,,,,,,,35.0,,,,,106.0,,7.0,,,,,,,105.0,,3.0,1.0,,,,,,40.0,34.0,,,,,,,,,,,,15.0,,,,,,,,,,,,,,,,,,,5.0,,,,,,,,,,,,,,,,,,,,,,,,,,,,,,,,,,11.0,,,,,,,,,,,,,,,,,,,,8.0,,,,,,,,,44.0,,18.0,,,,,,,,,,,,,,,,1.0,,,,,,,,,,,,,,,2.0,,,,,,,,,,,
_500m_16_days_VI_Quality_2007097_aid0001,aid0001,2007-04-07,,114.0,,335.0,,,,,,,,182.0,,,,15.0,,36.0,,,,,3.0,,,,,,,,,,,,,,,,,,,,278.0,,,,,103.0,,126.0,,,,,,,47.0,2.0,19.0,,,,,,,32.0,13.0,,,,,,,,,,,,,,,,,,,,,,,,,,,,,,,5.0,,,,,,,,,,,,,,,,,,,,,,,,39.0,,,5.0,,,,,,,,,,,,,,,,6.0,,,,,,,67.0,,,,62.0,,42.0,,,,,,,22.0,,63.0,,,,,,,,,,,,,,,,,,,,,,,,,,,,,,,,1.0,,,,,,,,,,
_500m_16_days_VI_Quality_2007113_aid0001,aid0001,2007-04-23,,357.0,,140.0,,,,,,,,,,,,406.0,,150.0,,,,,11.0,,88.0,,,,,,,,,9.0,,,,,,,19.0,,32.0,,,,,92.0,,120.0,,,,,,,102.0,,24.0,1.0,,,,,,3.0,4.0,,,,,,,,,,,,,,,,,,,,,,,,,,,,,,,7.0,4.0,,,,,,,,,,,,,,,,,,,,,,,,,,,,,,,,,,,,,,,,,,,,,,,,,,,,,13.0,,,,,,,,,32.0,1.0,2.0,,,,,,,,,,,,,,,,,,,,,,,,,,,,,,,,,,,,,,,,,,
_500m_16_days_VI_Quality_2007129_aid0001,aid0001,2007-05-09,,293.0,17.0,81.0,,,,,,78.0,,661.0,,,,254.0,,9.0,,,,,,,,,,,,,,,,19.0,,,,,,,10.0,,82.0,,,,,105.0,,3.0,,,,,,,,,,,,,,,,,,,,,,,,,,,,,,,,,,,,,,,,,,,,,,,,,,,,,,,,,,,,,,,,,,,,,,,,,,,,,,,,,,,,,,,,,,,,,,,,,,,,,,,,2.0,,,,,,,,,3.0,,,,,,,,,,,,,,,,,,,,,,,,,,,,,,,,,,,,,,,,,,
_500m_16_days_VI_Quality_2007145_aid0001,aid0001,2007-05-25,,198.0,,375.0,,,,,,5.0,,44.0,,,,440.0,,3.0,,,,,274.0,,,,,,,,,,,5.0,,,,,,,,,7.0,,,,,129.0,,14.0,,,,,,,54.0,,15.0,,,,,,,1.0,46.0,,,,,,,,,,,,,,,,,,,,,,,,,,,,,,,,4.0,,,,,,,,,,,,,,,,,,,,,,,,,,,,,,,,,,,,,,,,,,,,,,,,,,,,,,,,,,,,,,,,,,,,,,,,,,,,,,,,,,,,,,,,,,,,,,,,3.0,,,,,,,,,,
_500m_16_days_VI_Quality_2007353_aid0001,aid0001,2007-12-19,,,,47.0,,112.0,,11.0,,,,40.0,879.0,,,,,,64.0,,,,,,,,,,,,,,,18.0,,7.0,,,,,,,29.0,35.0,,,,,,4.0,,48.0,,,,,,,3.0,,5.0,,,,,,2.0,27.0,1.0,,,,,,,,,,,,,,,,,,,,3.0,,,,,,,,,,,,,,,,,,,,,,,,,,,,,,,,,,3.0,,,,,,47.0,,,,,1.0,,,,,,,11.0,,2.0,,,,,8.0,14.0,,,,,13.0,,107.0,,,,,,,33.0,11.0,1.0,,,,,,,,,,,,,7.0,,,,,,,,,,,,,11.0,6.0,,,3.0,4.0,,,,,,,,,
_500m_16_days_VI_Quality_2008001_aid0001,aid0001,2008-01-01,10.0,15.0,6.0,238.0,,14.0,,,,,,733.0,,,,57.0,,89.0,,,,,9.0,,,,,,,,,,,56.0,,,,,,,,,62.0,,,,,13.0,,45.0,,,,,,,2.0,,,,,,,,,,73.0,1.0,,,,,,,,,,,,,,,,13.0,,,,,,,,,,,2.0,,,,,,,,,,,,,,,,,,,,,,,,,,,6.0,,,6.0,,26.0,,,,,5.0,,,,,,,,,5.0,,,,,,,1.0,,,,3.0,,67.0,,,,,,,31.0,9.0,,,,,,,,,,,,,,,6.0,,,,,,,,,,,,,2.0,10.0,,,,2.0,,,,,,,,,,
_500m_16_days_VI_Quality_2008017_aid0001,aid0001,2008-01-17,18.0,469.0,,6.0,,34.0,,,,10.0,,,,,,62.0,,,,,,,,,,,,,,,,32.0,,,,,,,,,58.0,,,,,,,255.0,,,,,,,,,24.0,,,,,,,,,141.0,1.0,2.0,,,,,,,,,,,,,,,8.0,,,,,,,,,,13.0,,,,,1.0,,,,,8.0,1.0,,,,,,,,,25.0,,,,,,,6.0,,,,,94.0,,,,,,,,,,,,,,5.0,,,,,,,,24.0,,,,,252.0,,,,,,,,,46.0,,,1.0,,,,,,,,,,,,,,,,,,9.0,,,,,,,,,,,,12.0,,,,,,,,,,,
_500m_16_days_VI_Quality_2008033_aid0001,aid0001,2008-02-02,,228.0,,156.0,,,,,,,,,,,,,,,,,,,18.0,,12.0,,,,,,,3.0,27.0,2.0,2.0,,,,,,,,,,,,,,,5.0,,,,,,,61.0,,20.0,17.0,,,,,,105.0,29.0,,,,,,,,,,,,3.0,13.0,,,9.0,,,,,,,,,,,2.0,,,,12.0,27.0,,,,510.0,,,,,33.0,,,54.0,9.0,,,,,,,,,,,,,,,,,,,,13.0,,,,,,,11.0,19.0,,4.0,,,,,,,,,,2.0,,4.0,,,,,,,130.0,7.0,28.0,1.0,,,,,,,,,,,,,,,,,,6.0,,,,,,,,,,,,32.0,1.0,,,,,,,2.0,,,
_500m_16_days_VI_Quality_2008049_aid0001,aid0001,2008-02-18,35.0,304.0,,27.0,,,,,,936.0,,,,,,,,2.0,,,,,8.0,,,,,,,,,128.0,,,,,,,,,74.0,,,,,,,19.0,,,,,,,,,10.0,,12.0,,,,,,,23.0,1.0,,,,,,,,,,,,,2.0,,,,,,,,,,,,,,,,,,,,,,,,,,,,,,,,,,,,,,,,,,,,,,,,,,,,14.0,,,,,,,4.0,,,,,,,,,,,,,,,,,,,,,,8.0,5.0,1.0,1.0,,,,,,,,,,,,,,,,,,,,,,,,,,,,,,3.0,,,,,,,,,,,
_500m_16_days_VI_Quality_2008065_aid0001,aid0001,2008-03-05,,95.0,,263.0,,,,,,,,,,,,,,780.0,,,,,,,176.0,,,,,,,,,,,,,,,,,,2.0,,,,,2.0,,165.0,,,,,,,32.0,,30.0,,,,,,,27.0,12.0,,,,,,,,,,,,,12.0,,,,,,,,,,,,,,,,,,2.0,1.0,,,,,,,,,,,,,,,,,,,,,,,,,,,,,,,,,,,,,,,,,,,,,,,,,,,,,,,,,,,,,,10.0,8.0,,,,,,,,,,,,,,,,,,,,,,,,,,,,,,,,,,,,,,,,,,,
_500m_16_days_VI_Quality_2008081_aid0001,aid0001,2008-03-21,,427.0,3.0,45.0,,,,,,759.0,,,,,,73.0,,,,,,,9.0,,15.0,,,,,,,4.0,,,,,,,,,70.0,,,,,,,43.0,,9.0,,,,,,,24.0,,16.0,,,,,,,38.0,5.0,,,,,,,,,,,,,,,,,,,,,,,,,,2.0,,,,,,,,,,,,,,,,,,,,,,,,,,,,,,,,,,,,,,,16.0,,,,,,,,,,,,,,,,,,,,5.0,,,,,,,,,42.0,1.0,9.0,,,,,,,,,,,,,,,,,,,,,,,,,,,,,,,2.0,,,,,,,,,,,
_500m_16_days_VI_Quality_2008097_aid0001,aid0001,2008-04-06,,493.0,,108.0,,,,,,167.0,,21.0,,,,48.0,,184.0,,,,,,,50.0,,,,,,,5.0,,,,,,,,,164.0,,19.0,,,,,106.0,,103.0,,,,,,,10.0,1.0,41.0,1.0,,,,,,33.0,32.0,,,,,,,,,,,,,,,,,2.0,,,,,,,,,,3.0,,,,10.0,3.0,,,,,,,,,,,,,,,,,,,,,,,,,,,,,,,,,,,,,,,,,,,,,,,,,8.0,,,,,,5.0,,,,,,,,,,,,,,,,,,,,,,,,,,,,,,,,,,,,,,,,,,,,,,,,,,,
_500m_16_days_VI_Quality_2008113_aid0001,aid0001,2008-04-22,10.0,394.0,,13.0,,,,,,569.0,,,,,,336.0,,,,,,,91.0,,13.0,,,,,,,9.0,,,,,,,,,63.0,,,,,,,72.0,,,,,,,,,35.0,,4.0,,,,,,,,2.0,,,,,,,,,,,,,,,,,,,,,,,,,,,,,,,,,,,,,,,,,,,,,,,,,,,,,,,,,,,,,,,,,,,,,,,,,,,,,,,,,,,,,,,6.0,,,,,,,,,,,,,,,,,,,,,,,,,,,,,,,,,,,,,,,,,,,,,,,,,,,
_500m_16_days_VI_Quality_2008129_aid0001,aid0001,2008-05-08,13.0,330.0,,62.0,,,,,,404.0,,272.0,,,,219.0,,1.0,,,,,123.0,,2.0,,,,,,,7.0,,,,,,,,,17.0,,,,,,,103.0,,8.0,,,,,,,51.0,,5.0,,,,,,,,,,,,,,,,,,,,,,,,,,,,,,,,,,,,,,,,,,,,,,,,,,,,,,,,,,,,,,,,,,,,,,,,,,,,,,,,,,,,,,,,,,,,,,,,,,,,,,,,,,,,,,,,,,,,,,,,,,,,,,,,,,,,,,,,,,,,,,,,,,
_500m_16_days_VI_Quality_2008145_aid0001,aid0001,2008-05-24,15.0,450.0,,54.0,,,,,,218.0,,,,,,558.0,,,,,,,,,8.0,,,,,,,5.0,,,,,,,,,111.0,,,,,,,165.0,,,,,,,,,,,3.0,,,,,,,,21.0,,,,,,,,,,,,,,,,,,,,,,,,,,,,,,,,9.0,,,,,,,,,,,,,,,,,,,,,,,,,,,,,,,,,,,,,,,,,,,,,,,,,,,,,,,,,,,,,,,,,,,,,,,,,,,,,,,,,,,,,,,,,,,,,,,,,,,,,,,,,,
_500m_16_days_VI_Quality_2008353_aid0001,aid0001,2008-12-18,,,,137.0,,37.0,,49.0,,,,146.0,288.0,,,,,40.0,100.0,,1.0,,,,,,,,,,,,,8.0,,5.0,,,,,,,51.0,67.0,,,,,,86.0,,55.0,,2.0,,,,,19.0,6.0,9.0,2.0,,,,,18.0,26.0,23.0,,,,4.0,,,,,,,,,,,,,1.0,,,,,,,,,,1.0,,,,1.0,1.0,,,,,,,,,,,,,,,,46.0,,,,,59.0,85.0,,,,,,,,,,,,,,,,,,3.0,,30.0,,,,,14.0,13.0,,,,,90.0,,2.0,,,,,,,21.0,10.0,22.0,1.0,,,,,,,10.0,,3.0,,,,,,,,,3.0,2.0,,,,,,,,,,8.0,12.0,,,,,,,,,
_500m_16_days_VI_Quality_2009001_aid0001,aid0001,2009-01-01,5.0,186.0,,69.0,,2.0,,,,38.0,,327.0,,,,60.0,,114.0,,,,,3.0,,,,,,,,,1.0,,5.0,,,,,,,9.0,,93.0,,,,,130.0,,97.0,,,,,,,7.0,3.0,1.0,,,,,,,57.0,25.0,1.0,,,,4.0,,,,,,,,,,,,,,,,,,,,,,,,,,,,,,,8.0,3.0,,,,6.0,,,,,,,63.0,,,,,7.0,,86.0,,,6.0,,6.0,,,,,5.0,,,,,,,,,39.0,,,,,,1.0,6.0,,,,80.0,1.0,,,,,,,,36.0,5.0,2.0,,,,,,,,,9.0,,1.0,,,,,,,,,,,,,,,,1.0,,,,8.0,1.0,,,,,,,,,,
_500m_16_days_VI_Quality_2009017_aid0001,aid0001,2009-01-17,,120.0,15.0,187.0,,11.0,,,,42.0,,108.0,,,,456.0,,10.0,,,,,3.0,,,,,,,,,,,16.0,43.0,,,,,,19.0,,26.0,,,,,155.0,,9.0,,,,,,,23.0,,4.0,,4.0,,,,,14.0,31.0,4.0,,,,,,,,,,,7.0,,6.0,,,24.0,,,,,,,,,,,,,,4.0,1.0,20.0,,,,,,,,,,,,,,,,1.0,,,,,,,,,2.0,,29.0,4.0,,,,,,35.0,,,,,,,10.0,14.0,,,,,,,,,,46.0,1.0,9.0,,,,,,,25.0,8.0,10.0,13.0,,1.0,,,,,,,,7.0,,,,,4.0,13.0,,,1.0,,,,,,,2.0,,,,20.0,,,,,,,,,,,
_500m_16_days_VI_Quality_2009033_aid0001,aid0001,2009-02-02,,327.0,,29.0,,,,,,762.0,,,,,,151.0,,,,,,,,,,,,,,,,9.0,,,,,,,,,102.0,,,,,,,55.0,,,,,,,,,6.0,,,1.0,,,,,,72.0,1.0,,,,,,,,5.0,,,,,,,,,,,,,,,,,,,,,,,8.0,,,,,,,,,,,,,,,,,,,,,,,,,,,,,,,,,,1.0,,,,,,,,,,,,,,,13.0,,,,,41.0,,,,,,,,,15.0,1.0,6.0,,,,,,,,,,,,,,,,,,,,,,,,,,,,,,,11.0,1.0,,,,,,,,,,
_500m_16_days_VI_Quality_2009049_aid0001,aid0001,2009-02-18,6.0,312.0,,50.0,,,,,,705.0,,103.0,,,,99.0,,,,,,,,,,,,,,,,25.0,,19.0,,,,,,,144.0,,1.0,,,,,68.0,,,,,,,,,,,,,,,,,,51.0,25.0,,,,,,,,,,,,,,,,,2.0,,,,,,,,,,,,,,,,,,,,,,,,,,,,,,,,,,,,2.0,,,,,,,,,,,,,,,,,,,,,,,,,,,,,,,,,,4.0,,,,,,,,1.0,,,,,,,,,,,,,,,,,,,,,,,,,,,,,,,,,,,,,,,,,,,
_500m_16_days_VI_Quality_2009065_aid0001,aid0001,2009-03-06,,255.0,1.0,188.0,,,,,,54.0,,1.0,,,,377.0,,359.0,,,,,8.0,,,,,,,,,5.0,,,,,,,,,14.0,,6.0,,,,,122.0,,142.0,,,,,,,25.0,,2.0,,,,,,,7.0,20.0,,,,,,,,4.0,,,,,,,,,,,,,,,,,,5.0,,,,,1.0,,,,,,,,,,,,,,,,,,,,,,,,,,,13.0,,,,,,,,,,,,,,,,,,,,,,,4.0,,,,4.0,,,,,,,,,,,,,,,,,,,,,,,,,,,,,,,,,,,,,,,,,,,,,,,,,,,,,
_500m_16_days_VI_Quality_2009081_aid0001,aid0001,2009-03-22,,25.0,,274.0,,,,,,,,777.0,,,,,,41.0,,,,,,,14.0,,,,,,,,,132.0,,,,,,,,,252.0,,,,,,,65.0,,,,,,,17.0,,1.0,,,,,,,4.0,14.0,,,,,,,,,,,,,,,,,,,,,,,,,,,,,,,,,,,,,,,,,,,,,,,,,,,,,,,,,,,,,,,,,,,,,,,,,,,,,,,,,,,,,,,,,,,,,,1.0,,,,,,,,,,,,,,,,,,,,,,,,,,,,,,,,,,,,,,,,,,,,
_500m_16_days_VI_Quality_2009097_aid0001,aid0001,2009-04-07,8.0,296.0,,54.0,,,,,,746.0,,1.0,,,,172.0,,11.0,,,,,14.0,,,,,,,,,9.0,,7.0,,,,,,,102.0,,5.0,,,,,152.0,,20.0,,,,,,,14.0,,4.0,,,,,,,,,,,,,,,,,,,,,,,,,,,,,,,,,,,,,,,,,,,,,,,,,,,,,,,,,,,,,,,,,,,,,,,,,,,,,,,,,,2.0,,,,,,,,,,,,,,,,,,,,,,,,,,,,,,,,,,,,,,,,,,,,,,,,,,,,,,,,,,,,,,,,
_500m_16_days_VI_Quality_2009113_aid0001,aid0001,2009-04-23,8.0,541.0,,10.0,,,,,,210.0,,,,,,385.0,,,,,,,,,,,,,,,,32.0,,,,,,,,,103.0,,,,,,,114.0,,,,,,,,,55.0,3.0,72.0,,,,,,,59.0,2.0,,,,,,,,,,,,,,,,,,,,,,,,,,,,,,,15.0,3.0,,,,,,,,,,,,,,,,,,,,,,,,,,,,,,,,,3.0,,,,,,,,,,,,,,,,,,,,,,,,,,,,,,2.0,,,,,,,,,,,,,,,,,,,,,,,,,,,,,,,,,,,,,,,,,,,
_500m_16_days_VI_Quality_2009129_aid0001,aid0001,2009-05-09,14.0,414.0,,20.0,,,,,,696.0,,6.0,,,,152.0,,,,,,,68.0,,,,,,,,,13.0,,,,,,,,,104.0,,3.0,,,,,85.0,,,,,,,,,16.0,,24.0,,,,,,,,1.0,,,,,,,,,,,,,,,,,,,,,,,,,,,,,,,,,,,,,,,,,,,,,,,,,,,,,,,,,,,,,,,,,,,,,,,,,,,,,,,,,,,,,,,,,,,,,,1.0,,,,,,,,,,,,,,,,,,,,,,,,,,,,,,,,,,,,,,,,,,,,
_500m_16_days_VI_Quality_2009145_aid0001,aid0001,2009-05-25,18.0,564.0,,68.0,,,,,,483.0,,,,,,117.0,,2.0,,,,,,,,,,,,,,4.0,,,,,,,,,183.0,,,,,,,111.0,,8.0,,,,,,,3.0,,10.0,,,,,,,2.0,19.0,,,,,,,,,,,,,,,,,,,,,,,,,,,4.0,,,,4.0,3.0,,,,,,,,,,,,,,,,,,,,,,,,,,,,,,,,,,,,,,,,,,,,,,,,,,,,,,,,,,,,,,13.0,,,,,,,,,,,,,,,,,,,,,,,,,,,,,,,,,1.0,,,,,,,,,,,
_500m_16_days_VI_Quality_2009353_aid0001,aid0001,2009-12-19,,,45.0,79.0,,28.0,,2.0,,,,656.0,52.0,,,,,268.0,98.0,,,,,,,,,,,,,,,24.0,,7.0,,,,,,,14.0,8.0,,,,,,41.0,,17.0,,,,,,,,,1.0,,,,,,25.0,20.0,,,,,,,,,,,,,,,,,,,,,,2.0,,,,4.0,,,,,,1.0,,,,,,,,,,,,,,,49.0,,,,,,,53.0,,,,,2.0,,6.0,,,,,,,,,,,,8.0,,,,,,,4.0,3.0,,,,,30.0,12.0,10.0,2.0,,,,,,,,5.0,,,,,,,9.0,,,,,,,,,4.0,,,,,,,,,,6.0,2.0,,,1.0,12.0,7.0,,,,,,,,
_500m_16_days_VI_Quality_2010001_aid0001,aid0001,2010-01-01,,179.0,,205.0,,44.0,,,,,,,,,,7.0,,301.0,,,,,,,203.0,,2.0,,,,,,,,,,,,,,,,,,,,,10.0,,162.0,,4.0,,,,,4.0,,58.0,11.0,,1.0,,,,26.0,160.0,9.0,,,,,,,,,,,,,8.0,,,,,,,,,,,,,11.0,,,,,2.0,10.0,,,,,,,,,,,,,,,,,,,,,,,,,,,,,,,,,,11.0,,,,,,,,,,,,,,,,,,75.0,,11.0,,,,,,,22.0,7.0,56.0,,,5.0,,,,,,,,,,,,,,,,,,,,,,,,,,,,4.0,7.0,2.0,,,,,,,,,
_500m_16_days_VI_Quality_2010017_aid0001,aid0001,2010-01-17,61.0,242.0,1.0,,11.0,40.0,,,,424.0,,22.0,320.0,,,3.0,,31.0,,,,,,,19.0,,,,,,,77.0,,2.0,,29.0,15.0,,,,32.0,,18.0,,,,,16.0,,6.0,,,,,,,,,5.0,,,,,,,17.0,,46.0,,,,,23.0,,,,,,,,,,,,1.0,,,,,,,,,,,,,,,,,,,,,,,,,,,,13.0,,,,,,,15.0,,,,,4.0,,,,,,,3.0,,,,,,,67.0,,,,6.0,4.0,,,6.0,,,,,23.0,,,,,,,,,4.0,,,,,,,,,,,,,,,,,,,,,11.0,,,,,,,,,,,,,,,,,,,,,,,
_500m_16_days_VI_Quality_2010033_aid0001,aid0001,2010-02-02,,250.0,,705.0,,,,,,,,,,,,,,,,,,,,,,,,,,,,,,,56.0,,,,,,,,,,,,,,,,,,,,,,,,55.0,18.0,,,,,,60.0,186.0,,,,,,,,,,,,,,,,,,,,,,,,,,,,,,,4.0,32.0,,,,,,,,,,9.0,,,,,,,15.0,,,,,,,,,,,,,,,,,,,,,,,,,,59.0,,,,,,,,,,,,,,,,,,,,12.0,72.0,12.0,,,,,,,,,,,,,,,,,,,11.0,,,,,,,,,,,7.0,33.0,,,,3.0,,,,18.0,,
_500m_16_days_VI_Quality_2010049_aid0001,aid0001,2010-02-18,,342.0,,2.0,,,,,,627.0,,,,,,235.0,,,,,,,,,129.0,,,,,,,,,,,,,,,,57.0,,,,,,,50.0,,,,,,,,,12.0,1.0,42.0,,,,,,,79.0,2.0,,,,,,,,,,,,,,,,,,,,,,,,,,,,,,,,,,,,,,,,,,,,,,,,,,,,,,,,,,,,,,,,,,,,,,,,,,,,,,,,,,,,,,,,,,,,,,31.0,,,,,,,,,,,,,,,,,,,,,,,,,,,,,,,,,8.0,,,,,,,,,,,
_500m_16_days_VI_Quality_2010065_aid0001,aid0001,2010-03-06,,489.0,,81.0,,,,,,236.0,,,,,,347.0,,,,,,,,,,,,,,,,2.0,,,,,,,,,182.0,,,,,,,108.0,,8.0,,,,,,,1.0,,10.0,1.0,,,,,,40.0,40.0,,,,,,,,,,,,,,,,,,,,,,,,,,6.0,,,,,,2.0,,,,,,,,,,,,,,,,,,,,,,,,,,,,,,,,,,,,,,,,,,,,,,,,,,,,,1.0,,,,,,,,,,,60.0,1.0,,,,,,,,,,,,,,,,,,,,,,,,,,,,,,,2.0,,,,,,,,,,
_500m_16_days_VI_Quality_2010081_aid0001,aid0001,2010-03-22,7.0,256.0,,168.0,,,,,,5.0,,97.0,,,,97.0,,259.0,,,,,27.0,,,,,,,,,10.0,,2.0,,,,,,,117.0,,67.0,,,,,203.0,,130.0,,,,,,,60.0,,,,,,,,,5.0,46.0,,,,,,,,7.0,,,,6.0,,,,,,,,,,,,,,2.0,5.0,,,,6.0,,,,,,,,,,,,,,,,,,,,,,,,,,,6.0,,,,,,,,,,,,,,,,,,,,,,1.0,,,,,19.0,,,,,,,,,7.0,,,,,,,,,,,,,,,,,,,,,,,,,,,,,,,,,2.0,,,,,,,,,,,
_500m_16_days_VI_Quality_2010097_aid0001,aid0001,2010-04-07,67.0,392.0,,18.0,,,,,,787.0,,,,,,16.0,,,,,,,,,123.0,,,,,,,43.0,,,,,,,,,119.0,,,,,,,5.0,,,,,,,,,5.0,,34.0,,,,,,,,4.0,,,,,,,,,,,,,,,,,,,,,,,,,,,,,,,,4.0,,,,,,,,,,,,,,,,,,,,,,,,,,,,,,,,,,,,,,,,,,,,,,,,,,,,,,,,,,,,,,,,,,,,,,,,,,,,,,,,,,,,,,,,,,,,,,,,,,,,,,,,,,
_500m_16_days_VI_Quality_2010113_aid0001,aid0001,2010-04-23,,159.0,36.0,22.0,,,,,,841.0,,298.0,,,,59.0,,98.0,,,,,,,,,,,,,,5.0,,15.0,,,,,,,30.0,,4.0,,,,,7.0,,8.0,,,,,,,10.0,,,,,,,,,1.0,,,,,,,,,,24.0,,,,,,,,,,,,,,,,,,,,,,,,,,,,,,,,,,,,,,,,,,,,,,,,,,,,,,,,,,,,,,,,,,,,,,,,,,,,,,,,,,,,,,,,,,,,,,,,,,,,,,,,,,,,,,,,,,,,,,,,,,,,,,,,,
_500m_16_days_VI_Quality_2010129_aid0001,aid0001,2010-05-09,,507.0,,4.0,,,,,,28.0,,,,,,685.0,,7.0,,,,,13.0,,,,,,,,,,,,,,,,,,12.0,,1.0,,,,,156.0,,10.0,,,,,,,10.0,8.0,,,,,,,,33.0,2.0,,,,,,,,87.0,,,,12.0,,,,,,,,,,,,,,6.0,,,,,22.0,3.0,,,,,,,,,,,,,,,,,,,,,,,,,,,,,,,,,,,,,,,,,,,,,,,,,,,,,5.0,,,,,,,,,,,,,,,,,,,,,,,,,,,,,,,,,,,,,,2.0,,,,,4.0,,,,,,,,,,
_500m_16_days_VI_Quality_2010145_aid0001,aid0001,2010-05-25,,245.0,,70.0,,,,,,284.0,,554.0,,,,75.0,,84.0,,,,,6.0,,,,,,,,,,,11.0,,,,,,,20.0,,57.0,,,,,104.0,,79.0,,,,,,,5.0,,,,,,,,,1.0,,,,,,,,,,,,,,,,,,,,,,,,,,,,,,,,,,,,,,,,,,,,,,,,,,,,,,,,,,,6.0,,2.0,,,,,,,,,,,,,,,,,,,,,,,,,10.0,,4.0,,,,,,,,,,,,,,,,,,,,,,,,,,,,,,,,,,,,,,,,,,,,,,,,,,,
_500m_16_days_VI_Quality_2010353_aid0001,aid0001,2010-12-19,,,,36.0,5.0,171.0,,13.0,,,,,591.0,,,,,,325.0,,,,,,,,1.0,,,,,,,,,1.0,,,,,,,,19.0,,,,,,6.0,,48.0,,,,,,,17.0,,6.0,,,,,,3.0,48.0,6.0,,,,,,,,,,,,,,,,,,,,,,,,,,,,,,,2.0,,,,,65.0,,,,7.0,,,,,,,,,,,,,,9.0,,,,,,29.0,,,,,38.0,7.0,,,,,,,,,,,,,,13.0,,,,,,,30.0,,,,,,,50.0,,15.0,15.0,,,,,,,,,,,,,,8.0,,,,,,,,,,,,8.0,,,8.0,3.0,,,14.0,,,,,,
_500m_16_days_VI_Quality_2011001_aid0001,aid0001,2011-01-01,27.0,153.0,1.0,97.0,,8.0,,,,,,3.0,,,,221.0,,261.0,,,,,53.0,,,,,,,,,2.0,1.0,,,,2.0,,,,,,,,,,,55.0,,67.0,,,,,,,27.0,,7.0,,,,,,,52.0,22.0,1.0,,,,,,,,,,,,,,,,,,,,,,,,,,,1.0,,,5.0,6.0,,,,156.0,1.0,,,3.0,10.0,,,,,9.0,,,,,,,,,1.0,,,8.0,,11.0,,,,,68.0,,,,,,,1.0,10.0,,,,,,,,,,,,30.0,,22.0,,,,,,,114.0,4.0,4.0,7.0,,,,,,,,,,,,,,,10.0,,,1.0,,,,,,,,3.0,,,,8.0,2.0,,,44.0,,,,18.0,,,
_500m_16_days_VI_Quality_2011017_aid0001,aid0001,2011-01-17,,100.0,222.0,18.0,,1.0,,,,259.0,,634.0,,,,46.0,,77.0,,,,,,,8.0,,,,,,,6.0,,41.0,,,,,,,5.0,,,,,,,44.0,,8.0,4.0,,,,,,,,8.0,,,,,,,14.0,,,,,,,,,,,,,,,,,,,,,,,,,,,3.0,,,,,6.0,5.0,,,,,,,,,,,,,,,,38.0,,,,,,,,,,,,,,,,,,,,,,,,,2.0,,,,,,,,,,,,3.0,,25.0,,,,,,,19.0,4.0,2.0,,,,,,,,,,,,,,,,,,,,3.0,,,,,,,2.0,,,,,,,,4.0,,,,1.0,,5.0,
_500m_16_days_VI_Quality_2011033_aid0001,aid0001,2011-02-02,,249.0,,68.0,,,,,,,,,,,,616.0,,69.0,,,,,179.0,,13.0,,,,,,,,,,9.0,,,,,,,,,,,,,99.0,,41.0,,,,,,,57.0,,1.0,,,,,,,36.0,25.0,,,,,,,,,6.0,,,8.0,,,,,,,,,,,,,,2.0,2.0,,,,7.0,,,,,,,,,,,,,,,,,,,,,,,,,,,,,7.0,,,,,19.0,,,,,,,,,8.0,,,,,,,2.0,,,,4.0,,39.0,8.0,,,,,,28.0,,7.0,,,,,,,,,,,,,,,,6.0,,,,,,,,,,,,,,,2.0,,,,,,,,,,,
_500m_16_days_VI_Quality_2011049_aid0001,aid0001,2011-02-18,38.0,289.0,,28.0,,,,,,798.0,,,,,,47.0,,,,,,,,,,,,,,,,67.0,,2.0,,,,,,,141.0,,1.0,,,,,108.0,,9.0,,,,,,,8.0,,4.0,,,,,,,12.0,14.0,,,,,,,,5.0,,,,,,,,,,,,,,,,,,1.0,,,,,,8.0,,,,,,,,,,,,,,,,,,,,,,,,,,,,,,,,,,,,,,,,,,3.0,,,,,,,,,,,5.0,,,,,,,,,20.0,,8.0,,,,,,,,,,,,,,,,,,,,,,,,,,,,,,,1.0,,,,,,,,,,,
_500m_16_days_VI_Quality_2011065_aid0001,aid0001,2011-03-06,,481.0,,81.0,,,,,,26.0,,,,,,75.0,,97.0,,,,,,,16.0,,,,,,,8.0,,,,,,,,,44.0,,,,,,,249.0,,210.0,,,,,,,54.0,,94.0,,,,,,,12.0,5.0,,,,,,,,,,,,,,,,2.0,,,,,,,,,,,,,,,,,,,,,,,,,,,,,,,,,,,,,,,,,,19.0,,,,,,,4.0,,,,,,,,,,,,,,,3.0,,,,,60.0,,44.0,,,,,,,24.0,,4.0,1.0,,,,,,,,,,,,,,,,,,,,,,,,,,,,,,4.0,,,,,,,,,,,
_500m_16_days_VI_Quality_2011081_aid0001,aid0001,2011-03-22,,349.0,5.0,22.0,,,,,,753.0,,143.0,,,,51.0,,16.0,,,,,,,,,,,,,,34.0,,4.0,,,,,,,54.0,,32.0,,,,,117.0,,5.0,,,,,,,1.0,,6.0,3.0,,,,,,,5.0,,,,,,,,,7.0,,,,,,,1.0,,,,,,,,,,,,,,,,,,,,,,,,,,,,,,,,,,,,,,,,,,,,,,,,,,,,,,,,,,,,,,,,,,,,,2.0,,1.0,,,,,,,5.0,1.0,,,,,,,,,,,,,,,,,,,,,,,,,,,,,,,,,,,,,,,,,,,
_500m_16_days_VI_Quality_2011097_aid0001,aid0001,2011-04-07,29.0,221.0,,203.0,,,,,,664.0,,57.0,,,,21.0,,150.0,,,,,,,,,,,,,,21.0,,33.0,,,,,,,45.0,,12.0,,,,,51.0,,99.0,,,,,,,2.0,,,,,,,,,2.0,,,,,,,,,,,,,,,,,,1.0,,,,,,,,,,,,,,,,,,,,,,,,,,,,,,,,,,,,,,,,,,,,,,,,,,,,,,,,,,,,,,,,,,,,6.0,,,,,,,,,,,,,,,,,,,,,,,,,,,,,,,,,,,,,,,,,,,,,,,,,,,,,
_500m_16_days_VI_Quality_2011113_aid0001,aid0001,2011-04-23,,656.0,,19.0,,,,,,,,,,,,306.0,,,,,,,29.0,,,,,,,,,,1.0,,,,,,,,,,,,,,,203.0,,,,,,,,,97.0,16.0,,3.0,,,,,,93.0,7.0,,,,,,,,,,,,,,,,,,,,,,,,,,21.0,,,,,35.0,2.0,,,,,,,,,,,,,,,,,,,,,,,,,,,,,,,,,,,,,,,,,,,,,,,,,,,,,9.0,,,,,,,,,63.0,5.0,44.0,4.0,,,,,,,,,,,,,,,,,,,,,,,,,,,,,,,4.0,,,,,,,,,,
_500m_16_days_VI_Quality_2011129_aid0001,aid0001,2011-05-09,10.0,336.0,,24.0,,,,,,554.0,,,,,,381.0,,,,,,,19.0,,,,,,,,,7.0,,,,,,,,,63.0,,,,,,,164.0,,4.0,,,,,,,48.0,,2.0,,,,,,,,3.0,,,,,,,,,,,,,,,,,,,,,,,,,,,,,,,,,,,,,,,,,,,,,,,,,,,,,,,,,,,,,,,,,,,,,,,,,,,,,,,,,,,,,2.0,,,,,,,,,,,,,,,,,,,,,,,,,,,,,,,,,,,,,,,,,,,,,,,,,,,,,
_500m_16_days_VI_Quality_2011145_aid0001,aid0001,2011-05-25,,447.0,,650.0,,,,,,,,,,,,,,22.0,,,,,,,84.0,,,,,,,,,,11.0,,,,,,,,,,,,,,,39.0,,,,,,,,,112.0,13.0,,,,,,30.0,132.0,,,,,,,,,,,,,,,,,,,,,,,,,,,1.0,,,,,4.0,,,,,,,,,,,,,,,,,,,,,,,,,,,,,,,,,,,19.0,,,,,,,,,,,,,,,,,,2.0,,8.0,,,,,,,,,17.0,23.0,,,,,,,,,,,,,,,,,,,,,,,,,,,,,,,3.0,,,,,,,,,,
_500m_16_days_VI_Quality_2011353_aid0001,aid0001,2011-12-19,,,37.0,73.0,,121.0,,10.0,,,,294.0,,,,,,177.0,48.0,,,,,,9.0,,,,,5.0,,,,27.0,1.0,,,,,,,,75.0,18.0,,,,,,119.0,,33.0,,,,,,,28.0,2.0,55.0,3.0,,2.0,,,22.0,34.0,16.0,,,,,,,,,,,,,,,4.0,,,,,,,,,,,,,,,,6.0,1.0,,,,6.0,,,,,,,,,,,,,,,,,24.0,,,,,5.0,,,,,,,16.0,27.0,,,,,,,,,,,,,8.0,,,,,,85.0,11.0,40.0,,,,,,,48.0,3.0,81.0,17.0,1.0,,,,,,,,,,,,,,2.0,,,,,,,,,,,,,,7.0,16.0,,,,,,,,,
_500m_16_days_VI_Quality_2012001_aid0001,aid0001,2012-01-01,37.0,229.0,,36.0,,6.0,,,,294.0,,,,,,308.0,,5.0,,,,,11.0,,61.0,,,,,,,25.0,3.0,,1.0,,,,,,74.0,,,,,,,138.0,,,,,,,,,38.0,,40.0,1.0,,,,,,26.0,7.0,1.0,,,,,,,8.0,,,,6.0,,,,,,,,,,,,,,,,,,,,7.0,,,,6.0,,,,,,,,,,,,,,,,,,,,,,28.0,,,,,,,13.0,,,,,,,,,,,,,,,,,,,,93.0,1.0,,,,,,,,50.0,,46.0,6.0,,,,,,,,,,,,,,,,6.0,,,,,,,,,,,,,,4.0,2.0,,,,,,,,,,
_500m_16_days_VI_Quality_2012017_aid0001,aid0001,2012-01-17,14.0,374.0,36.0,29.0,,,,,,518.0,,,,,,49.0,,,,,,,,,32.0,,,,,,,40.0,,2.0,,,,,,,157.0,,,,,,,13.0,,,,,,,,,,,97.0,,,,,,,39.0,,,,,,,,,7.0,,,,,,,,,,,,,,,,,,,,,,,,,,,,,,33.0,,,,,,,,,,,,,,,32.0,,,,,17.0,,,,,,,,,,,,,,4.0,,,,,,,,44.0,,,,,47.0,,,,,,,,,7.0,,22.0,,,,,,,,,,,,,,,,,,,,,,,,,,,3.0,,,,,1.0,,,,,,,,,,
_500m_16_days_VI_Quality_2012033_aid0001,aid0001,2012-02-02,,308.0,33.0,17.0,,,,,,61.0,,420.0,,,,23.0,,190.0,,,,,,,,,,,,,,37.0,,,2.0,,,,,,82.0,,11.0,,,,,68.0,,10.0,,,,,,,,,9.0,,,,,,,145.0,9.0,,,,,1.0,,,,,,,,1.0,,,5.0,,,,,,,,,,20.0,,,,,2.0,1.0,,,,,,,,,,,,,,,,,,,,,4.0,,,,,,,,,,,,,,,,,,,,,,,,,,,8.0,,,,,105.0,8.0,9.0,,,,,,,2.0,,12.0,6.0,,,,,,,,,,,,,,,,,,,,,,,,,,5.0,,,,3.0,,,,,,,,,,,
_500m_16_days_VI_Quality_2012049_aid0001,aid0001,2012-02-18,,656.0,,63.0,,,,,,,,,,,,52.0,,7.0,,,,,,,,,,,,,,10.0,,,,,,,,,19.0,,6.0,,,,,311.0,,14.0,,,,,,,55.0,10.0,,,,,,,,165.0,34.0,,,,,,,,,,,,,,,,,,,,,,,,,,2.0,,,,,8.0,,,,,,,,,,,,,,,,,,,,,,,,,,,17.0,,6.0,,,,,,,,,,,,,17.0,,,,,,,,,,,,97.0,,4.0,,,,,,,45.0,13.0,,2.0,,,,,,,,,,,,,,,,,,,,,,,,,,,,,,1.0,,,,,,,,3.0,,,
_500m_16_days_VI_Quality_2012065_aid0001,aid0001,2012-03-05,,658.0,,107.0,,,,,,121.0,,,,,,14.0,,,,,,,6.0,,,,,,,,,,,,,,,,,,127.0,,,,,,,172.0,,,,,,,,,32.0,,14.0,7.0,,,,,,144.0,22.0,,,,,,,,,,,,,,,,,,,,,,,,,,,,,,,7.0,4.0,,,,,,,,,,,,,,,,,,,,,21.0,,,,,,,,,,,,,,,,,,,,2.0,,,,,,,30.0,,,,,28.0,,,,,,,,,40.0,2.0,29.0,,,,,,,,,,,,,,,,,,,,,,,,,,,,,,,14.0,16.0,,,,,,,,,,
_500m_16_days_VI_Quality_2012081_aid0001,aid0001,2012-03-21,,91.0,60.0,92.0,,,,,,23.0,,643.0,,,,,,369.0,,,,,8.0,,,,,,,,,,,222.0,,,,,,,1.0,,72.0,,,,,2.0,,6.0,,,,,,,17.0,1.0,,,,,,,,3.0,1.0,,,,,,,,,,,,,,,,,,,,,,,,,,,,,,,2.0,,,,,,,,,,,,,,,,,,,,,,,,,,,,,,,,,,,,,,,,,,,,,,,,,,,,,,,,,,,,,,,4.0,,,,,,,,,,,,,,,,,,,,,,,,,,,,,,,,,,,,,,,,,,,,
_500m_16_days_VI_Quality_2012097_aid0001,aid0001,2012-04-06,15.0,331.0,,31.0,,,,,,863.0,,6.0,,,,178.0,,,,,,,,,,,,,,,,8.0,,,,,,,,,96.0,,2.0,,,,,61.0,,1.0,,,,,,,10.0,,3.0,,,,,,,1.0,3.0,,,,,,,,,,,,,,,,,,,,,,,,,,,,,,,1.0,,,,,,,,,,,,,,,,,,,,,,,,,,,,,,,,,,,,,,,,,,,,,,,,,,,,,,,,,,,,,,,7.0,,,,,,,,,,,,,,,,,,,,,,,,,,,,,,,,,,,,,,,,,,,,
_500m_16_days_VI_Quality_2012113_aid0001,aid0001,2012-04-22,20.0,223.0,,184.0,,,,,,615.0,,,,,,253.0,,,,,,,10.0,,60.0,,,,,,,17.0,,,,,,,,,74.0,,,,,,,59.0,,16.0,,,,,,,20.0,,47.0,,,,,,,,15.0,,,,,,,,,,,,,,,,,,,,,1.0,,,,,,1.0,,,,,2.0,,,,,,,,,,,,,,,,,,,,,,,,,,,,,,,,,,,,,,,,,,,,,,,,,,,,,,,,,,,,,,,,,,,,,,,,,,,,,,,,,,,,,,,,,,,,,,,,,,,,,,,,,,
_500m_16_days_VI_Quality_2012129_aid0001,aid0001,2012-05-08,,99.0,,319.0,,,,,,,,,,,,5.0,,177.0,,,,,,,535.0,,,,,,,,,,,,,,,,,,,,,,,36.0,,187.0,,,,,,,,,171.0,,,,,,,29.0,11.0,,,,,,,,,,,,,,,,,,,,,,,,,,,,,,,6.0,,,,,,,,,,,,,,,,,,,,,,,,,,,,,,,,,,,,,,,,,,,,,,,,,,,,,,,,10.0,,,,,,,1.0,,23.0,8.0,,,,,,,,,,,,,,,,,,,,,,,,,,,,,,,,,,,,,,,,,
_500m_16_days_VI_Quality_2012145_aid0001,aid0001,2012-05-24,,304.0,,171.0,,,,,,,,,,,,502.0,,,,,,,263.0,,8.0,,,,,,,,,,,,,,,,,,,,,,,166.0,,11.0,,,,,,,89.0,13.0,,,,,,,,3.0,20.0,,,,,,,,,,,,,,,,,,,,,,,,,,,,,,,5.0,10.0,,,,,,,,,,,,,,,,,,,,,,,,,,11.0,,,,,,,,,,,,,,,,,,,,,,,,,,,7.0,,,,,,,,,27.0,,,,,,,,,,,,,,,,,,,,,,,,,,,,,,,,,7.0,,,,,,,,,,,
_500m_16_days_VI_Quality_2012353_aid0001,aid0001,2012-12-18,,,,17.0,,240.0,,63.0,,,,,1.0,,,,,,133.0,,86.0,,,,8.0,,2.0,,,,,,,,,,,18.0,10.0,,,,,3.0,30.0,,,,,9.0,,152.0,,80.0,17.0,,,,18.0,,15.0,,,1.0,,,,102.0,25.0,,,,,,,,,6.0,,,,,,,1.0,19.0,,,,8.0,,,,,4.0,22.0,,,3.0,2.0,3.0,,,,,,,,,,,,,,,,,,8.0,,,,18.0,2.0,,,3.0,,91.0,,32.0,,,19.0,8.0,,,,,,,,,,6.0,,,,15.0,6.0,,,,,,181.0,,46.0,,,,,26.0,,34.0,,,1.0,,,,,,,,,,,,,,,,,9.0,,,,,,,,,,3.0,10.0,1.0,,,,,,,,
_500m_16_days_VI_Quality_2013001_aid0001,aid0001,2013-01-01,,27.0,,402.0,,142.0,,,,,,1.0,,,,,,127.0,,,,,8.0,,6.0,,,14.0,,,,,,,,,,,,,,,3.0,,,,,,,149.0,,,,,,,14.0,,11.0,,,21.0,,,,5.0,54.0,53.0,,,,,,,,,,,,,,,,,,,,,,,,,,6.0,2.0,,,3.0,3.0,51.0,,,,,,,,,,,,,,,,,,,,,,18.0,,,,,54.0,,,,,48.0,,5.0,,,,,,,,,,,,,,17.0,,,,,,251.0,,,,,,2.0,66.0,18.0,10.0,,,2.0,,,,,,,,,,,1.0,,,5.0,,,,,,,,,,,,,,9.0,9.0,,,,,,,,,,
_500m_16_days_VI_Quality_2013017_aid0001,aid0001,2013-01-17,22.0,379.0,,10.0,,,,,,783.0,,,,,,21.0,,,,,,,,,,,,,,,,34.0,,,,,,,,,161.0,,,,,,,82.0,,,,,,,,,,1.0,,,,,,,,48.0,,,,,,,,,,,,,,,,,,,,,,,,,,,,,,,,,,,,,,,,,,,,,,,,,,,,,,,,,,,11.0,,,,,,,,,,,,,,1.0,,,,,,,,17.0,,,,,15.0,,,,,,,,,21.0,4.0,,,,,,,,,,,,,,,,,,,,,,,,,,,,,,,,7.0,,,,,,,,,,,
_500m_16_days_VI_Quality_2013033_aid0001,aid0001,2013-02-02,,257.0,,571.0,,,,,,,,,,,,,,20.0,,,,,,,,,,,,,,,,,,,,,,,,,,,,,,,,37.0,,,,,,,31.0,1.0,32.0,,,,,,,108.0,202.0,,,,,,,,,,,,,,,,,7.0,,,,,,,,,,10.0,,,,2.0,27.0,,,,,,,,,,,,,,,,,,,,,,,,,,,,53.0,,,,,1.0,,,,,,,,1.0,,4.0,,,,,,,,,,,,119.0,,,,,,,69.0,10.0,37.0,,,,,,,,,,,,,,,,,,,,,,,,,,,,,,,14.0,3.0,,,,,,,1.0,,,
_500m_16_days_VI_Quality_2013049_aid0001,aid0001,2013-02-18,16.0,355.0,,18.0,,,,,,565.0,,6.0,,,,28.0,,259.0,,,,,,,,,,,,,,42.0,,1.0,,,,,,,152.0,,,,,,,40.0,,59.0,,,,,,,5.0,,3.0,,,,,,,32.0,6.0,,,,,,,,,,,,,,,,,,,,,,,,,,,,,,,1.0,1.0,,,,,,,,,,,,,,,,,,,,,13.0,,,,,,,,,,,,,,,,,,,,,,,,,,,5.0,,,,,,,,,,,,,,2.0,,3.0,,,,,,,,,,,,,,,,,,,,,,,,,,,,,,,1.0,4.0,,,,,,,,,,
_500m_16_days_VI_Quality_2013065_aid0001,aid0001,2013-03-06,14.0,205.0,3.0,44.0,,,,,,938.0,,,,,,70.0,,,,,,,,,106.0,,,,,,,43.0,,43.0,,,,,,,60.0,,,,,,,78.0,,,,,,,,,,,,,,,,,,,10.0,,,,,,,,,,,,,,,,,3.0,,,,,,,,,,,,,,,,,,,,,,,,,,,,,,,,,,,,,,,,,,,,,,,,,,,,,,,,,,,,,,,,,,,,,,,,,,,,,,,,,,,,,,,,,,,,,,,,,,,,,,,,,,,,,,,,,,,,,,,,,
_500m_16_days_VI_Quality_2013081_aid0001,aid0001,2013-03-22,28.0,382.0,,1.0,,,,,,880.0,,,,,,86.0,,,,,,,,,,,,,,,,88.0,,,,,,,,,78.0,,,,,,,73.0,,,,,,,,,1.0,,,,,,,,,,,,,,,,,,,,,,,,,,,,,,,,,,,,,,,,,,,,,,,,,,,,,,,,,,,,,,,,,,,,,,,,,,,,,,,,,,,,,,,,,,,,,,,,,,,,,,,,,,,,,,,,,,,,,,,,,,,,,,,,,,,,,,,,,,,,,,,,,,,,
_500m_16_days_VI_Quality_2013097_aid0001,aid0001,2013-04-07,,388.0,,18.0,,,,,,358.0,,,,,,325.0,,8.0,,,,,43.0,,5.0,,,,,,,25.0,,,,,,,,,61.0,,,,,,,251.0,,44.0,,,,,,,19.0,2.0,11.0,,,,,,,5.0,8.0,,,,,,,,,,,,,,,,,,,,,,,,,,,4.0,,,,1.0,,,,,,,,,,,,,,,,,,,,,,3.0,,,,,12.0,,,,,,,,,,,,,,,,,,,,,,,,,,,17.0,,,,,,,,,7.0,,2.0,,,,,,,,,,,,,,,,,,,,,,,,,,,,,,,,,,,,,,,,,,
_500m_16_days_VI_Quality_2013113_aid0001,aid0001,2013-04-23,11.0,253.0,2.0,104.0,,,,,,746.0,,20.0,,,,99.0,,68.0,,,,,,,,,,,,,,12.0,,1.0,,,,,,,94.0,,3.0,,,,,75.0,,66.0,,,,,,,7.0,,,,,,,,,16.0,2.0,,,,,,,,,,,,,,,,1.0,1.0,,,,,,,,,4.0,,,,,3.0,,,,,,,,,,,,,,,,,,,,,,,,,,,,,,,,,,,,,,,,,2.0,,,,,,,,5.0,,,,,5.0,,,,,,,,,12.0,,5.0,,,,,,,,,,,,,,,,,,,,,,,,,,,,,,,,,,,,,,,,,,
_500m_16_days_VI_Quality_2013129_aid0001,aid0001,2013-05-09,10.0,302.0,7.0,50.0,,,,,,796.0,,67.0,,,,160.0,,11.0,,,,,,,,,,,,,,12.0,,8.0,,,,,,,41.0,,20.0,,,,,113.0,,13.0,,,,,,,7.0,,,,,,,,,,,,,,,,,,,,,,,,,,,,,,,,,,,,,,,,,,,,,,,,,,,,,,,,,,,,,,,,,,,,,,,,,,,,,,,,,,,,,,,,,,,,,,,,,,,,,,,,,,,,,,,,,,,,,,,,,,,,,,,,,,,,,,,,,,,,,,,,,,,,
_500m_16_days_VI_Quality_2013145_aid0001,aid0001,2013-05-25,6.0,256.0,,62.0,,,,,,677.0,,,,,,332.0,,24.0,,,,,,,,,,,,,,1.0,,,,,,,,,85.0,,2.0,,,,,127.0,,40.0,,,,,,,2.0,,,,,,,,,,,,,,,,,,,,,,,,,,,,,,,,,,,,,,,,,,,,,,,,,,,,,,,,,,,,,,,,,,,,,,,,,,,,,,,,,,,,,,,,,,,,,,,,,,,,,,,,,,3.0,,,,,,,,,,,,,,,,,,,,,,,,,,,,,,,,,,,,,,,,,,
_500m_16_days_VI_Quality_2013353_aid0001,aid0001,2013-12-19,,,,,71.0,74.0,,19.0,,,,,611.0,86.0,,,,,396.0,,,,,,,,16.0,,,,,,,,,28.0,,,,,,,,23.0,41.0,,,,,,,55.0,,,,,,,,,3.0,,,,,,,16.0,12.0,,,,,,,,13.0,,,,3.0,,,,1.0,,,,,,,,,,,,,,,,,,,,,5.0,,,,,,,,,,,57.0,,,,,,23.0,,,,,,9.0,,,,,,2.0,,,,,,,,2.0,,,,,,5.0,,,,,,,7.0,,,,,,,1.0,,18.0,,,,,,,,12.0,,,,,,,,7.0,,,,,,,,,,,1.0,,,,,,,,,,,,,
_500m_16_days_VI_Quality_2014001_aid0001,aid0001,2014-01-01,,14.0,86.0,77.0,,19.0,,,,,,477.0,,,,387.0,,275.0,,,,,,,10.0,,,,,,,,,23.0,,2.0,,,,,,,16.0,,,,,12.0,,13.0,,,,,,,,,,,,,,,,,2.0,2.0,,,,,,,,20.0,,,,7.0,,,,,,,,,,,,,,,,,,,,,,,,,,,,,,,,,,,73.0,,,,,,,28.0,,,,,9.0,,,,,3.0,,,,,,,,,5.0,,,,,,,5.0,,,,6.0,,2.0,,,,,,,5.0,,,,,,,,,,,38.0,,,,,,,,,,,1.0,,,,,,,,,,,,,,,,,,,,,,
_500m_16_days_VI_Quality_2014017_aid0001,aid0001,2014-01-17,37.0,251.0,,12.0,,1.0,,,,738.0,,4.0,,,,77.0,,,,,,,,,,,,,,,,29.0,2.0,,,,,,,,97.0,,1.0,,,,,123.0,,,,,,,,,3.0,,,,,,,,,55.0,1.0,,,,5.0,,,,,,,,,,,,4.0,,,,,,,,,,6.0,,,,,,,,,,3.0,,,,,,,,,,,,,,,,,19.0,,,,,14.0,,,,,,,,,,,,,,27.0,,,,,,,,4.0,,,,,66.0,,,,,,,,,17.0,3.0,2.0,2.0,,,,,,,,,,,,,,,,,,7.0,,,,3.0,,,,,,,,3.0,1.0,,,,,,,,,,
_500m_16_days_VI_Quality_2014033_aid0001,aid0001,2014-02-02,,675.0,,107.0,,,,,,,,,,,,,,,,,,,27.0,,,,,,,,,12.0,20.0,,,,,,,,,,,,,,,27.0,,,,,,,,,86.0,16.0,,1.0,,,,,,323.0,6.0,,,,,,,,,,,,,,,,,,,,,,,,,,,,,,,25.0,,,,,,3.0,,,,4.0,,,,,,,,,,,,,,,,,6.0,,,,,,,10.0,,,,,,,,,,,,,,,,,,,,77.0,,,,,,,,,163.0,12.0,,1.0,,,,,,,,,,,,,,,,,,,,,,,,,,,,,,16.0,,,,,,,,,,,
_500m_16_days_VI_Quality_2014049_aid0001,aid0001,2014-02-18,,334.0,2.0,97.0,,,,,,125.0,,,,,,239.0,,,,,,,26.0,,125.0,,,,,,,80.0,,6.0,,,,,,,162.0,,,,,,,58.0,,2.0,,,,,,,10.0,,175.0,,,,,,,52.0,1.0,,,,,,,,,,,,,,,,,,,,,,,,,,7.0,,,,,11.0,,,,,,,,,,,,,,,5.0,,,,,,,19.0,,,,,,,,,,,,,,3.0,,,,,16.0,,,,,,,,12.0,,,,,,,,,,,,,,38.0,2.0,,6.0,,,,,,,,,,,,,,,,,,,,,,,,,,,,,,4.0,,,,,,,,,,,
_500m_16_days_VI_Quality_2014065_aid0001,aid0001,2014-03-06,22.0,321.0,,41.0,,,,,,324.0,,,,,,,,303.0,,,,,96.0,,134.0,,,,,,,22.0,,9.0,,,,,,,32.0,,,,,,,14.0,,65.0,,,,,,,47.0,,102.0,,,,,,,9.0,1.0,,,,,,,,,21.0,,,,6.0,,,,,,,,,,,,,,,,,,1.0,,,,,,,,,,,,,,,,,,,,,,,,,,,,,,,,,,,,,,,,,,,,,,,,,,,,,,,,,,,,,,,29.0,,17.0,,,,,,,,,,,,,,,,,,,,,,,,,,,,,,,1.0,,,,,,,,,,,
_500m_16_days_VI_Quality_2014081_aid0001,aid0001,2014-03-22,,324.0,5.0,68.0,,,,,,64.0,,470.0,,,,160.0,,149.0,,,,,,,,,,,,,,,,21.0,,,,,,,19.0,,33.0,,,,,134.0,,77.0,,,,,,,26.0,,6.0,,,,,,,17.0,9.0,,,,,,,,,,,,6.0,,,,,,,,,,,,,,,2.0,,,,3.0,,,,,,,,,,,,,,,,,,,,,,,,,,,,,,,,,,,,,,,,,,,,,,,,,,,,,,5.0,,,,,,,,,15.0,,2.0,,,,,,,,,,,,,,,,,,,,,,,,,,,,,,,2.0,,,,,,,,,,,
_500m_16_days_VI_Quality_2014097_aid0001,aid0001,2014-04-07,8.0,357.0,,31.0,,,,,,753.0,,4.0,,,,219.0,,,,,,,12.0,,,,,,,,,25.0,,,,,,,,,50.0,,4.0,,,,,105.0,,,,,,,,,47.0,,2.0,,,,,,,,,,,,,,,,,,,,,,,,,,,,,,,,,,,,,,,,,,,,,,,,,,,,,,,,,,,,,,,,,,,,,,,,,,,,,,,,,,,,,,,,,,,,,,,,,,,,,,,,,,,,,,,,,,,,,,,,,,,,,,,,,,,,,,,,,,,,,,,,,,
_500m_16_days_VI_Quality_2014113_aid0001,aid0001,2014-04-23,10.0,314.0,,59.0,,,,,,679.0,,,,,,384.0,,3.0,,,,,1.0,,,,,,,,,6.0,,,,,,,,,60.0,,3.0,,,,,86.0,,,,,,,,,5.0,,7.0,,,,,,,,,,,,,,,,,,,,,,,,,,,,,,,,,,,,,,,,,,,,,,,,,,,,,,,,,,,,,,,,,,,,,,,,,,,,,,,,,,,,,,,,,,,,,,,,,,,,,,,,,,,,,,,,,,,,,,,,,,,,,,,,,,,,,,,,,,,,,,,,,,
_500m_16_days_VI_Quality_2014129_aid0001,aid0001,2014-05-09,,312.0,,22.0,,,,,,692.0,,24.0,,,,64.0,,174.0,,,,,,,,,,,,,,13.0,,,,,,,,,197.0,,5.0,,,,,70.0,,32.0,,,,,,,10.0,,,,,,,,,,2.0,,,,,,,,,,,,,,,,,,,,,,,,,,,,,,,,,,,,,,,,,,,,,,,,,,,,,,,,,,,,,,,,,,,,,,,,,,,,,,,,,,,,,,,,,,,,,,,,,,,,,,,,,,,,,,,,,,,,,,,,,,,,,,,,,,,,,,,,,,
_500m_16_days_VI_Quality_2014145_aid0001,aid0001,2014-05-25,10.0,475.0,,113.0,,,,,,436.0,,,,,,103.0,,95.0,,,,,49.0,,75.0,,,,,,,23.0,,,,,,,,,69.0,,,,,,,54.0,,,,,,,,,26.0,,18.0,2.0,,,,,,21.0,18.0,,,,,,,,,,,,2.0,,,,,,,,,,,,,,3.0,,,,,8.0,,,,,,,,,,,,,,,,,,,,,,,,,,,,,,,,,,,,,,,,,,,,,,,,,,,,,,5.0,,,,,,,,,3.0,,4.0,,,,,,,,,,,,,,,,,,,,,,,,,,,5.0,,,,,,,,,,,,,,,
_500m_16_days_VI_Quality_2014353_aid0001,aid0001,2014-12-19,,,,2.0,7.0,91.0,,2.0,,,,,130.0,4.0,,,,,586.0,,3.0,,,,,,,,,,,,,4.0,,10.0,,,,,,,,88.0,,,,,,,,119.0,,,,,,,,,8.0,,2.0,,,,3.0,12.0,4.0,,,,,,,,,,,,,,,,,,,,,,,,,,2.0,,,,,,1.0,,,,2.0,257.0,,,9.0,7.0,,,,,,,,,,,,,7.0,,,,,,45.0,,,,,,,,,,,,,,3.0,,,,,,17.0,,,,,,,103.0,,,,,,,4.0,,14.0,,,,,,,,,,2.0,,,6.0,,,,,,,,,,6.0,,,,7.0,,,,,,,2.0,48.0,,,,,
_500m_16_days_VI_Quality_2015001_aid0001,aid0001,2015-01-01,,218.0,56.0,198.0,,,,,,,,,,,,6.0,,,,,,,7.0,,,,,,,,,9.0,7.0,9.0,17.0,,,,,,,,,,,,,38.0,,1.0,,,,,,,59.0,2.0,26.0,,,,,,,36.0,38.0,,,,,,,,,,,,,,,,8.0,2.0,,,,,,,,,,,,,,,5.0,,,,5.0,,376.0,,,13.0,22.0,,,,9.0,,11.0,5.0,,,,,,,,,8.0,,,,,,,31.0,,9.0,,,,,19.0,,15.0,12.0,,,,,,,,,,49.0,,,,,,,,,89.0,4.0,61.0,,,,,,,,8.0,9.0,,,,,,,,,,4.0,1.0,,,,,,,,,,,4.0,,,,4.0,96.0,,,,10.0,,1.0
_500m_16_days_VI_Quality_2015017_aid0001,aid0001,2015-01-17,,277.0,,44.0,,4.0,,,,30.0,,,,,,451.0,,,,,,,2.0,,,,,,,,,4.0,42.0,,,,,,,,14.0,,,,,,,115.0,,,,,,,,,45.0,5.0,2.0,,,,,,,137.0,1.0,,,,,,,,18.0,,,,1.0,,,,2.0,,,,,,,,,,39.0,,,,,22.0,,,,,10.0,,,,,,,,,,4.0,7.0,2.0,,,,,2.0,,,,,76.0,,,,,,,5.0,,,,,,,1.0,37.0,1.0,,,,,,8.0,,,,,82.0,,,,,,,,,42.0,35.0,6.0,,,,,,,,,,,,,,,,,,,2.0,1.0,,,1.0,,,,,,,,24.0,,,,5.0,,,,6.0,,5.0,
_500m_16_days_VI_Quality_2015033_aid0001,aid0001,2015-02-02,,455.0,,255.0,,,,,,,,,,,,,,,,,,,,,,,,,,,,,,9.0,5.0,,,,,,,,,,,,,24.0,,12.0,,,,,,,47.0,28.0,81.0,2.0,,,,,,97.0,88.0,,,,,,,,,,,,,,,,,,,,,,,,,,,3.0,,,,4.0,40.0,,,,,,,,,,,,,,,,,,,,,,,,,,5.0,,,,,,,,,,,,,,,,,,,,,,,,,,,90.0,2.0,,,,,,,,172.0,42.0,46.0,24.0,,,,,,,,,,,,,,,,,,,2.0,,,,,,,,,,,43.0,41.0,,,,,,,,,,
_500m_16_days_VI_Quality_2015049_aid0001,aid0001,2015-02-18,,65.0,20.0,149.0,,,,,,,,414.0,,,,,,,,,,,,,,,,,,,,,,43.0,5.0,,,,,,,,34.0,,,,,,,22.0,,,,,,,7.0,4.0,,7.0,,,,,,31.0,245.0,,,,,300.0,,,,8.0,,,,,,,,101.0,,,,,67.0,,,,,14.0,,,,,6.0,,,,,,,,,,,,,,,,,,,,,,,3.0,,,,,,,,,,,,,,,,,,,,,,,,,,15.0,,,,,,,,,,,,,1.0,1.0,4.0,,,,,,,,,,,5.0,,,,,,,,,21.0,,,,,,,,,,,22.0,3.0,,,,,,,,,,
_500m_16_days_VI_Quality_2015065_aid0001,aid0001,2015-03-06,6.0,331.0,9.0,120.0,,,,,,500.0,,,,,,98.0,,,,,,,,,,,,,,,,1.0,,,,,,,,,187.0,,,,,,,116.0,,1.0,,,,,,,4.0,,166.0,,,,,,,10.0,,,,,,,,,,,,,,,,,,,,,,,,,,,,,,,,3.0,,,,,,,,,,,,,,,,,,,,,,37.0,,,,,3.0,,,,,,,,,,,,,,,,,,,,,,2.0,,,,,19.0,,,,,,,,,3.0,,,,,,,,,,,,,,,,,,,,,,,,,,,,,,,,,1.0,,,,,,,,,,,
_500m_16_days_VI_Quality_2015081_aid0001,aid0001,2015-03-22,15.0,249.0,,30.0,,,,,,992.0,,,,,,102.0,,,,,,,,,,,,,,,,43.0,,2.0,,,,,,,107.0,,,,,,,51.0,,2.0,,,,,,,,,,,,,,,,3.0,2.0,,,,,,,,,,,,,,,,,2.0,,,,,,,,,,,,,,,,,,,,,,,,,,,,,,,,,,,,,,,,,,,,,,,,,,,,,,,1.0,,,,,,,,,,,,,16.0,,,,,,,,,,,,,,,,,,,,,,,,,,,,,,,,,,,,,,,,,,,,,,,,,,,,,
_500m_16_days_VI_Quality_2015097_aid0001,aid0001,2015-04-07,,460.0,,26.0,,,,,,79.0,,278.0,,,,86.0,,16.0,,,,,,,,,,,,,,,,5.0,,,,,,,129.0,,33.0,,,,,237.0,,3.0,,,,,,,31.0,3.0,,,,,,,,75.0,,,,,23.0,,,,20.0,,,,,,,,,,,,,,,,,,18.0,,,,,8.0,,,,,,,,,,,,,,,,,,,,,,9.0,,,,,,,,,,,,,,,,,,,,,,,,,,,13.0,,,,,32.0,,,,,,,,,11.0,3.0,,,,,,,,,,,,,,,,,,,,,,,,,,,,,,,,19.0,,,,,,,,,,,
_500m_16_days_VI_Quality_2015113_aid0001,aid0001,2015-04-23,1.0,307.0,,46.0,,,,,,508.0,,5.0,,,,295.0,,166.0,,,,,12.0,,26.0,,,,,,,3.0,,4.0,,,,,,,41.0,,1.0,,,,,118.0,,58.0,,,,,,,18.0,,4.0,,,,,,,,,,,,,,,,,,,,,,,,,,,,,,,,,,,,,,,,,,,,,,,,,,,,,,,,,,,,,,,,,,,,,,,,,,,,,,,,,,,,,,,,,,,,,,,3.0,,,,,,,1.0,,,,,,,,,,,,,,,,,,,,,,,,,,,,,,,,,,,,,,,,,,,,
_500m_16_days_VI_Quality_2015129_aid0001,aid0001,2015-05-09,,285.0,,71.0,,,,,,390.0,,32.0,,,,485.0,,10.0,,,,,16.0,,,,,,,,,5.0,,,,,,,,,19.0,,13.0,,,,,167.0,2.0,77.0,,,,,,,24.0,,,,,,,,,,,,,,,,,,,,,,,,,,,,,,,,,,,,,1.0,,,,,,,,,,,,,,,,,,,,,,,,,,,,,,,,,1.0,,,,,,,,,,,,,,,,,,,,,,,,,19.0,,,,,,,,,,,,,,,,,,,,,,,,,,,,,,,,,,,,,,,,,,,,,,,,,,,,,
_500m_16_days_VI_Quality_2015145_aid0001,aid0001,2015-05-25,,565.0,,22.0,,,,,,436.0,,,,,,107.0,,33.0,,,,,8.0,,,,,,,,,9.0,,,,,,,,,237.0,,,,,,,92.0,,56.0,,,,,,,13.0,,2.0,,,,,,,2.0,2.0,,,,,,,,,,,,,,,,1.0,,,,,1.0,,,,,,,,,,3.0,1.0,,,,,,,,,,,,,,,,,,,,,,,,,,,,,,,,,,,,,,,,,,,,,,,,19.0,,,,,3.0,,,,,,,,,3.0,,2.0,,,,,,,,,,,,,,,,,,,,,,,,,,,,,,,,,,,,,,,,,,
_500m_16_days_VI_Quality_2015353_aid0001,aid0001,2015-12-19,,,,8.0,8.0,131.0,,1.0,,,,227.0,578.0,,,,,106.0,82.0,,,,,,3.0,,,,,,,,,2.0,,23.0,,,,,,,2.0,25.0,,,,,,65.0,,44.0,,,,,,,,,,,,,,,,72.0,,,,,1.0,,,,,,,,,,,,5.0,,,,,1.0,,,,6.0,1.0,,,,,,,,,,,,,,,,,,,,,,3.0,,,,,,1.0,,,,6.0,,10.0,,,,,,,,,,,,,,48.0,,,,,,13.0,,,,,55.0,,56.0,,,,,,,7.0,,12.0,1.0,,,,,,,,,3.0,,,,,,,,,1.0,,,,,,,6.0,,,,,4.0,,,,,,,,,
_500m_16_days_VI_Quality_2016001_aid0001,aid0001,2016-01-01,,77.0,,166.0,,28.0,,,,104.0,,46.0,9.0,,,703.0,,84.0,,,,,,,,,,,,,,,,,,5.0,2.0,,,,7.0,,12.0,1.0,,,,108.0,,35.0,,,,,,,1.0,,5.0,,,,,,,7.0,12.0,5.0,,,,,1.0,,,,,,,,,,,,,,,,,,,,8.0,,,,,,,,,,,,,,,,,,,,,,,,,,,,,1.0,,,14.0,,2.0,,,,,,,4.0,,,,,,,,,,,,,,4.0,,,,91.0,4.0,17.0,,,,,,,18.0,,28.0,1.0,2.0,,,,,,,,,,,,,,,1.0,,,,,,,,,,4.0,,,,,,,,,,,,,,,
_500m_16_days_VI_Quality_2016017_aid0001,aid0001,2016-01-17,1.0,213.0,,15.0,,2.0,,,,791.0,,,,,,214.0,,,,,,,4.0,,,,,,,,,17.0,,,,,,,,,62.0,,,,,,,83.0,,6.0,,,,,,,3.0,,1.0,,,,,,,35.0,,,,,,,,,,,,,,,,,,,,,,,,,,,7.0,,,,,,1.0,,,,,,,,,,,,,,,,,,,,,10.0,,,,,31.0,,,,,,,,,,,,,,,,,,,,,,2.0,,,,,93.0,,,,,,,,,11.0,5.0,3.0,,,,,,,,,,,,,5.0,,,,,,,,,,,,,,2.0,,,,,,,,,,,,,,,
_500m_16_days_VI_Quality_2016033_aid0001,aid0001,2016-02-02,14.0,171.0,3.0,43.0,,,,,,934.0,,20.0,,,,76.0,,,,,,,,,,,,,,,,61.0,,12.0,,,,,,,55.0,,2.0,,,,,39.0,,8.0,,,,,,,7.0,,,,,,,,,32.0,10.0,,,,,,,,8.0,,,,,,,,,2.0,,,,,,,,,,,,,,,,,,,,,,,,,,,,,3.0,,,,,,,15.0,,,,,27.0,,,,,,,,,,,,,,10.0,,,,,,,,8.0,,,,,43.0,1.0,,,,,,,,3.0,,,,,,,,,,,,,,,6.0,,,,,,,2.0,,,,,,,,,,,1.0,1.0,,,,,,,,,,
_500m_16_days_VI_Quality_2016049_aid0001,aid0001,2016-02-18,,320.0,,,,,,,,354.0,,,,,,631.0,,6.0,,,,,25.0,,8.0,,,,,,,66.0,,,,,,,,,73.0,,,,,,,75.0,,,,,,,,,43.0,,,,,,,,,6.0,,,,,,,,,,,,,,,,,,,,,,,,,,,,,,,,,,,,,,,,,,,,,,,,,,,,,,6.0,,,,,2.0,,,,,,,,,,,,,,2.0,,,,,,,,,,,,,,,,,,,,,,,,,,,,,,,,,,,,,,,,,,,,,,,,,,,,,,,,,,,,,,,,,,
_500m_16_days_VI_Quality_2016065_aid0001,aid0001,2016-03-05,,39.0,,275.0,,,,,,,,749.0,,,,41.0,,51.0,,,,,54.0,,,,,,,,,,,101.0,2.0,,,,,,,,182.0,,,,,5.0,,53.0,,,,,,,18.0,,,,,,,,,,33.0,,,,,,,,,,,,,,,,,,,,,,,,,,,,,,,,,,,,,,,,,,,,,,,,,,,,,,,,,,,,,,,,,,,,,,,,,,,,,,,,,,,,,,,,,,,,,,14.0,,,,,,,,,,,,,,,,,,,,,,,,,,,,,,,,,,,,,,,,,,,,
_500m_16_days_VI_Quality_2016097_aid0001,aid0001,2016-04-06,8.0,300.0,,79.0,,,,,,932.0,,,,,,51.0,,,,,,,,,,,,,,,,28.0,,,,,,,,,89.0,,,,,,,54.0,,9.0,,,,,,,,,1.0,,,,,,,3.0,4.0,,,,,,,,,3.0,,,,,,,,,,,,,,,,,,,,,,,,,,,,,,,,,,,,,,,,,,,,,,,,,,,,,,,,,,,,,,,,,,,,,,,,,,,,,,,,,,,,,,,56.0,,,,,,,,,,,,,,,,,,,,,,,,,,,,,,,,,,,,,,,,,,
_500m_16_days_VI_Quality_2016113_aid0001,aid0001,2016-04-22,,397.0,,2.0,,,,,,467.0,,5.0,,,,399.0,,85.0,,,,,14.0,,,,,,,,,12.0,,,,,,,,,76.0,,,,,,,105.0,,18.0,,,,,,,20.0,,,,,,,,,,,,,,,,,,,,,,,,,,,,,,,,,,,,,,,,,,,,,,,,,,,,,,,,,,,,,,,,,,,,4.0,,,,,,,,,,,,,,,,,,,,,,,,,,,10.0,,3.0,,,,,,,,,,,,,,,,,,,,,,,,,,,,,,,,,,,,,,,,,,,,,,,,,,,
_500m_16_days_VI_Quality_2016129_aid0001,aid0001,2016-05-08,,366.0,10.0,20.0,,,,,,753.0,,133.0,,,,95.0,,16.0,,,,,22.0,,17.0,,,,,,,7.0,,,,,,,,,45.0,,53.0,,,,,58.0,,18.0,,,,,,,4.0,,,,,,,,,,,,,,,,,,,,,,,,,,,,,,,,,,,,,,,,,,,,,,,,,,,,,,,,,,,,,,,,,,,,,,,,,,,,,,,,,,,,,,,,,,,,,,,,,,,,,,,,,,,,,,,,,,,,,,,,,,,,,,,,,,,,,,,,,,,,,,,,,,,,
_500m_16_days_VI_Quality_2016145_aid0001,aid0001,2016-05-24,,835.0,,60.0,,,,,,,,,,,,40.0,,,,,,,,,9.0,,,,,,,,,5.0,3.0,,,,,,5.0,,,,,,,182.0,,,,,,,,,157.0,3.0,22.0,28.0,,,,,,90.0,24.0,,,,,,,,,,,,,,,,,,,,,,,,,,,,,,,9.0,25.0,,,,,,,,,,,,,,,,,,,,,,,,,,9.0,,,,,,,,,,,,,,,,,,,,,,,,,,,40.0,,14.0,,,,,,,43.0,,5.0,,,,,,,,,,,,,,,,,,,,,,,,,,,,,,,7.0,2.0,,,,,,,,,,
_500m_16_days_VI_Quality_2016353_aid0001,aid0001,2016-12-18,6.0,248.0,,92.0,2.0,12.0,,,,614.0,,12.0,32.0,,,5.0,,,,,,,,,,,,,,,,,,,,8.0,,,,,79.0,,,28.0,,,,88.0,,10.0,,3.0,,,,,6.0,,1.0,,,,,,,15.0,26.0,4.0,,,,,,,,,,,,,,,,1.0,,,,,,,,,,1.0,,,,2.0,1.0,,,,,,,,,,,,,,,,,,,,,,,5.0,,,7.0,,,,,,,,,,,,,,8.0,,14.0,,,,,,19.0,,,,,151.0,,25.0,,,,,,,,,74.0,,,,,,,,,,,,,,,,,,,,,,,,,,,5.0,2.0,,,,6.0,5.0,,,,,,,,,
_500m_16_days_VI_Quality_2017001_aid0001,aid0001,2017-01-01,,70.0,17.0,51.0,,,,,,11.0,,545.0,,,,330.0,,68.0,,,,,54.0,,88.0,,,,,,,,,22.0,2.0,,,,,,1.0,,13.0,,,,,35.0,,9.0,,,,,,,1.0,,,,,,,,,5.0,13.0,,,,,14.0,,,,,,,,1.0,,,,4.0,,,,,,,,,,,,,,,,,,,,,25.0,68.0,,,,,,,,,3.0,,,,,,,2.0,,,18.0,,,,,,,29.0,6.0,,,,,,,,8.0,,,,,,,,,,,39.0,2.0,,,,,,,,21.0,2.0,8.0,6.0,,,,,,,,,,,,,,,,,,,2.0,,,,,,,2.0,,,,,,,,,16.0,6.0,,,,,
_500m_16_days_VI_Quality_2017017_aid0001,aid0001,2017-01-17,48.0,206.0,,15.0,,8.0,,,,742.0,,,,,,91.0,,,,,,,,,,,,,,,,68.0,2.0,,,,,,,,143.0,,,,,,,35.0,,,,,,,,,3.0,,2.0,,,,,,,23.0,,,,,,,,,7.0,,,,,,,,,,,,,,,,,,16.0,,,,,,,,,,,,,,,,,,,,8.0,,,,,,,72.0,,,,,16.0,,,,,,,,,,,,,,24.0,1.0,,,,,,,33.0,,,,,25.0,,,,,,,,,17.0,,4.0,,,,,,,,,,,,,,,,,,,,,,,,,,,5.0,,,,,,,,,,,,,,3.0,
_500m_16_days_VI_Quality_2017033_aid0001,aid0001,2017-02-02,,195.0,25.0,75.0,,,,,,72.0,,,,,,10.0,,806.0,,,,,,,113.0,,,,,,,,,,,,,,,,38.0,,,,,,,39.0,,36.0,,,,,,,5.0,,64.0,,,,,,,33.0,15.0,,,,,,,,,11.0,,,,,,,,,,,,,,,,,,,,,,,,,,,,,,,,,,,,,,,,,,,,,,,,,,,,,,,,,,22.0,,,,,,,,,,,,,1.0,,,,,6.0,,,,,,,,,40.0,1.0,7.0,,,,,,,,,,,,,,,,,,,,,,,,,,,3.0,,,,,,,,,,,,,,,
_500m_16_days_VI_Quality_2017049_aid0001,aid0001,2017-02-18,,267.0,,86.0,,,,,,,,89.0,,,,8.0,,694.0,,,,,31.0,,,,,,,,,,,,,,,,,,2.0,,10.0,,,,,68.0,,176.0,,,,,,,92.0,,4.0,,,,,,,32.0,20.0,,,,,,,,,,,,,,,,,,,,,1.0,,,,,,10.0,,,,,,,,,,,,,,,,,,,,,,,,,,,,,,,,,,,,,,,,,,,,,,,,,,,,,,,,,,10.0,,2.0,,,,,,,4.0,,2.0,1.0,,,,,,,,,,,,,,,,,,,,,,,,,,2.0,6.0,,,,,,,,,,,,,,
_500m_16_days_VI_Quality_2017065_aid0001,aid0001,2017-03-06,,350.0,,53.0,,,,,,545.0,,,,,,69.0,,,,,,,19.0,,286.0,,,,,,,10.0,,,,,,,,,20.0,,,,,,,82.0,,3.0,,,,,,,39.0,,84.0,,,,,,,25.0,4.0,,,,,,,,,,,,,,,,,,,,,,,,,,,,,,,,,,,,,,,,,,,,,,,,,,,,,,,,,,,,,,,,,,,,,,,,,,,,,,,,,,,,,4.0,,,,,,,,,22.0,1.0,1.0,,,,,,,,,,,,,,,,,,,,,,,,,,,,,,,,,,,,,,,,,,
_500m_16_days_VI_Quality_2017081_aid0001,aid0001,2017-03-22,7.0,470.0,3.0,,,,,,,745.0,,,,,,39.0,,19.0,,,,,,,36.0,,,,,,,19.0,,,,,,,,,90.0,,,,,,,160.0,,,,,,,,,21.0,,,,,,,,,,,,,,,,,,,,,,,,,,,,,,,,,,,,,,,,,,,,,,,,,,,,,,,,,,,,,,,,,,,,,,,,,,,,,,,,,,,,,,,,,,,,,,,,,,,,,,,,3.0,,5.0,,,,,,,,,,,,,,,,,,,,,,,,,,,,,,,,,,,,,,,,,,
_500m_16_days_VI_Quality_2017097_aid0001,aid0001,2017-04-07,,391.0,,6.0,,,,,,92.0,,,,,,281.0,,470.0,,,,,7.0,,29.0,,,,,,,,,,,,,,,,28.0,,,,,,,192.0,,36.0,,,,,,,26.0,,14.0,,,,,,,,,,,,,,,,,,,,,,,,,,,,,,,,,,,,,,,,,,,,,,,,,,,,,,,,,,,,,14.0,,,,,22.0,,,,,,,,,,,,,,,,,,,,,,1.0,,,,,8.0,,,,,,,,,,,,,,,,,,,,,,,,,,,,,,,,,,,,,,,,,,,,,,,,,,,,,
_500m_16_days_VI_Quality_2017113_aid0001,aid0001,2017-04-23,5.0,287.0,,45.0,,,,,,948.0,,12.0,,,,135.0,,9.0,,,,,,,,,,,,,,17.0,,,,,,,,,95.0,,,,,,,37.0,,7.0,,,,,,,5.0,2.0,,,,,,,,6.0,1.0,,,,,,,,,,,,,,,,,,,,,,,,,,,,,,,,,,,,,,,,,,,,,,,,,,,,,,,,,,,,,,,,,,,,,,,,,,,,,,,,,,,,,,,,,,,,,,6.0,,,,,,,,,,,,,,,,,,,,,,,,,,,,,,,,,,,,,,,,,,,,
_500m_16_days_VI_Quality_2017129_aid0001,aid0001,2017-05-09,6.0,322.0,,51.0,,,,,,725.0,,5.0,,,,277.0,,,,,,,2.0,,,,,,,,,15.0,,5.0,,,,,,,75.0,,2.0,,,,,112.0,,6.0,,,,,,,9.0,,,,,,,,,,1.0,,,,,,,,,,,,,,,,,,,,,,,,,,,,,,,,,,,,,,,,,,,,,,,,,,,,,,,,,,,,,,,,,,,,,,,,,,,,,,,,,,,,,4.0,,,,,,,,,,,,,,,,,,,,,,,,,,,,,,,,,,,,,,,,,,,,,,,,,,,,,
_500m_16_days_VI_Quality_2017145_aid0001,aid0001,2017-05-25,,342.0,14.0,100.0,,,,,,97.0,,451.0,,,,202.0,,4.0,,,,,48.0,,40.0,,,,,,,3.0,,6.0,,,,,,,78.0,,25.0,,,,,129.0,,,,,,,,,40.0,,6.0,,,,,,,1.0,12.0,,,,,,,,,,,,,,,,,,,,,,,,,,,,,,,,,,,,,,,,,,,,,,,,,,,,,,,,,,,,,,,,,,,1.0,,,,,,,,,,,,,,,,,,4.0,,,,,,,,,7.0,,7.0,,,,,,,,,,,,,,,,,,,,,,,,,,,,,,,,,,,,,,,,,,
_500m_16_days_VI_Quality_2017353_aid0001,aid0001,2017-12-19,,,,60.0,,231.0,,16.0,,,,195.0,12.0,,,,,144.0,135.0,,1.0,,,,49.0,,,,,,,,,7.0,,,,,,,,,30.0,,,,,,,36.0,,92.0,,11.0,,,,,23.0,,16.0,,,,,,4.0,62.0,17.0,,,,,,,,,26.0,,,,,,,,,,,,,,,,,,4.0,,,2.0,,2.0,,,,,,,,,,,,,,,,,,,,,,,,,,26.0,,25.0,,16.0,,,43.0,18.0,,,,,,,,,,,,,3.0,,,,,,55.0,,84.0,,5.0,,,,,49.0,6.0,73.0,2.0,,4.0,,,,,,,,,,,,,,,,,,,,,,,3.0,2.0,,,21.0,7.0,,,,,,,,,
_500m_16_days_VI_Quality_2018001_aid0001,aid0001,2018-01-01,,,,94.0,9.0,34.0,,59.0,,,,703.0,18.0,1.0,,,,153.0,42.0,,,,,,,,,,,,,,,1.0,,1.0,,,,,,,8.0,1.0,1.0,,,,,62.0,,30.0,,,,,,,17.0,2.0,,,,,,,24.0,13.0,10.0,,,,,,,,,,,,,,,,,,,,,,,,,2.0,1.0,,,,,5.0,,,,,,,,,,,,,,,,,,,,,,29.0,9.0,,,,33.0,,14.0,,,,,,,,,,,,,,7.0,,1.0,,,6.0,2.0,,,,,56.0,,38.0,1.0,2.0,1.0,,,,58.0,,16.0,,,,,,,,,,,,1.0,,,,,,,,,,,,,,7.0,12.0,,,12.0,21.0,,,,,,,,,
_500m_16_days_VI_Quality_2018017_aid0001,aid0001,2018-01-17,,,,264.0,,45.0,,58.0,,,,15.0,,,,,,20.0,,,66.0,,,,70.0,,,,,,,,,,,,,1.0,,,,,36.0,,,,,,,62.0,4.0,,,171.0,1.0,,,,75.0,,6.0,,,,,,84.0,45.0,70.0,,,,,,,,,23.0,,,,,,2.0,,,,,,,,,,1.0,1.0,35.0,,,,,19.0,,,,,,,,,,,,,,,,,,,,,,,,,,31.0,,,,,,,92.0,,,,,,,,,,,,,,4.0,,,,,,112.0,1.0,,,,,,,,146.0,10.0,16.0,,1.0,,,,,,,,,,,,,6.0,,,,,,,,,,,5.0,,,,17.0,2.0,,,,,,,,,
_500m_16_days_VI_Quality_2018033_aid0001,aid0001,2018-02-02,,,4.0,193.0,,39.0,,,,,,914.0,,,,,,114.0,,,,,,,16.0,,,,,,,,,12.0,,,,,,,,,68.0,,,,,,,34.0,,8.0,,,,,,,,,,,,,,,17.0,14.0,,,,,,,,6.0,,,,,,,,,2.0,,,,,1.0,,,,5.0,,,,,1.0,,,,,,,,,,,,,,,,4.0,,,,,,,16.0,,,,,19.0,,,,,,,17.0,,,,,,,8.0,,,,,,,18.0,,,,,,53.0,,3.0,,,,,,,15.0,,2.0,1.0,,,,,,,,,,,,,,4.0,,,,,,,,,,,2.0,,,,,7.0,,,,,,,,,
_500m_16_days_VI_Quality_2018049_aid0001,aid0001,2018-02-18,,,9.0,311.0,,10.0,,,,,,740.0,8.0,,,,,14.0,4.0,,,,,,,,12.0,,,,,,,25.0,,,,,,,,,157.0,5.0,,,,,,125.0,,18.0,,,,,,,5.0,,3.0,,,,,,38.0,3.0,,,,,,,,,,,,,,,,,,,,,3.0,,,,,5.0,7.0,,,,3.0,,,,,,,,,,,,,,,,,,,,,,,,,,,,3.0,,,,,,,,1.0,,,,,,,,,,,,,5.0,,,,,,58.0,,,,,,,,,16.0,,9.0,,,,,,,,,,,,,,,,,,,,,,,,,,20.0,,,,,,,,,,,,,,
_500m_16_days_VI_Quality_2018065_aid0001,aid0001,2018-03-06,,,,274.0,,85.0,,,,,,233.0,219.0,,,,,273.0,9.0,,,,,,78.0,,,,,,,,,6.0,,17.0,,,,,,,56.0,23.0,,,,,,152.0,,4.0,,,,,,,66.0,,,,,,,,44.0,53.0,,,,,,,,,,,,,,,,,3.0,,,,,,,,,,,,,,1.0,,,,,,,,,,,,,,,,,,,,,,,,,,,,,,6.0,,,,,5.0,,,,,,,4.0,,,,,,,,,,,,,3.0,,1.0,,,,,,,2.0,,,,,,,,,,,,,,,,,,,,,,,,,,,,,,,,,,,,,,,,,,
_500m_16_days_VI_Quality_2018081_aid0001,aid0001,2018-03-22,,,,345.0,6.0,33.0,,,,,,406.0,210.0,,,,,263.0,8.0,,,,,,70.0,,,,,,,,,8.0,,24.0,,,,,,,33.0,71.0,,,,,,68.0,,,,,,,,,47.0,,2.0,,,,,,4.0,1.0,,,,,,,,,,,,,,,,,,,,,,,,,,,,,,,2.0,,,,,,,,,,,,,,,,,,,,,,,,,,,,14.0,,,,,,,,,,,,,,,,,,,,,,,,,,,2.0,,,,,,,,,,,,,,,,,,,,,,,,,,,,,,,,,,,,,,,,,,,,,,,,,,,
_500m_16_days_VI_Quality_2018097_aid0001,aid0001,2018-04-07,,,7.0,333.0,,29.0,,,,,,919.0,,,,,,64.0,,,,,,,,,,,,,,,,7.0,,,,,,,,,102.0,,,,,,,88.0,,,,,,,,,,,,,,,,,21.0,2.0,,,,,,,,,,,,,,,,,,,,,,,,,,,,,,,,,,,,,,,,,,,,,,,,,,,,,,,,,,,,,,,,,,,,,,,,,,,,,,,,,,,,,,6.0,,,,,,,,,24.0,,,,,,,,,,,,,,,,,3.0,,,,,,,,,,,,,,,12.0,,,,,,,,,,
_500m_16_days_VI_Quality_2018113_aid0001,aid0001,2018-04-23,,,4.0,375.0,,21.0,,,,,,867.0,,,,,,118.0,,,,,,,,,,,,,,,,30.0,,,,,,,,,90.0,,,,,,,78.0,,6.0,,,,,,,,,8.0,1.0,,,,,,6.0,,,,,,,,,,,,,,,,,,,,,,,,,,,,,,,,1.0,,,,,,,,,,,,,,,,,,,,,,2.0,,,,,,,,,,,,,,,,,,,,,,,,,,4.0,,,,,,,,3.0,,,,,,,,,,,,,,,,,,,,,,,,,,,,,,,,,,,,,,,,3.0,,,,,,,,,
_500m_16_days_VI_Quality_2018129_aid0001,aid0001,2018-05-09,,,,212.0,,139.0,,,,,,471.0,5.0,,,,,215.0,166.0,,,,,,,,15.0,,,,,,,10.0,,,,,,,,,108.0,7.0,,,,,,147.0,,32.0,,,,,,,,,,,,,,,41.0,13.0,,,,,,,,,,,,,,,,,,,,,,,,,,,,,,,,4.0,,,,,,,,,,,,,,,,,,,,,,,,,,,,,,,,,,,,,,,,,,,,,,,,3.0,,,,,,10.0,,13.0,,,,,,,2.0,,,3.0,,,,,,,,,,,,,,,,,,,,,,,,,,,,,,1.0,,,,,,,,,
_500m_16_days_VI_Quality_2018145_aid0001,aid0001,2018-05-25,,,,260.0,,133.0,,,,,,532.0,307.0,,,,,30.0,86.0,,,,,,,,,,,,,,,1.0,,24.0,,,,,,,19.0,60.0,,,,,,54.0,,58.0,,,,,,,7.0,,8.0,,,,,,11.0,1.0,,,,,,,,,,,,,,,,,,,,,,,,,,,,,,,4.0,,,,,,,,,,,,,,,,,,,,,,,,,,,,,,,,,,,,,,,,,,,,6.0,,,,,,2.0,,,,,6.0,,8.0,,,,,,,,,,,,,,,,,,,,,,,,,,,,,,,,,,,,,,,,,,,,,,,,,
_500m_16_days_VI_Quality_2018353_aid0001,aid0001,2018-12-19,,,2.0,67.0,,92.0,,63.0,,,,,111.0,,,,,179.0,113.0,,118.0,,,,3.0,,,,34.0,,,,,,,9.0,,,3.0,,,,,47.0,,,,,,33.0,,64.0,,41.0,,,,,2.0,,7.0,,6.0,2.0,,,3.0,61.0,25.0,,,,,,,,,6.0,,,,,,,,9.0,,,,,,,,,,4.0,,,1.0,,,,,,,,,,,,,,,,,,,,,,,,21.0,,,,126.0,,69.0,,19.0,,,,5.0,,2.0,,,,,,2.0,,,,,,2.0,,,,,33.0,,95.0,,4.0,,,,,12.0,,93.0,7.0,,3.0,,,,,,,,,,5.0,,,,,,,,,,,,,,8.0,,,,4.0,2.0,,,,,,,,
_500m_16_days_VI_Quality_2019001_aid0001,aid0001,2019-01-01,,,3.0,23.0,,122.0,,26.0,,,,,152.0,,,,,122.0,327.0,,5.0,,,,3.0,,,,,,,,,,,11.0,,,,,,,,56.0,,,,,,38.0,,169.0,,,,,,,5.0,,34.0,,,,,,16.0,66.0,10.0,,,,,,,,,1.0,,,,,,,,7.0,,,,,,,,,,5.0,,,1.0,,,,,,,,,,,,,,,,,,,,,,,,19.0,,,,45.0,,100.0,,,,,,3.0,,,,,,,,5.0,,,,,2.0,2.0,,,,,38.0,,82.0,,,,,,,51.0,8.0,33.0,,,,,,,,,,,,,13.0,,,,,,,,,,,,,,11.0,,,2.0,1.0,,,,,,,,,
_500m_16_days_VI_Quality_2019017_aid0001,aid0001,2019-01-17,,,,89.0,15.0,196.0,,57.0,,,,,116.0,,,,,1.0,639.0,,6.0,,,,,,,,2.0,,,,,,,15.0,,,,,,,,3.0,,,,,,16.0,,162.0,,14.0,,,,,1.0,7.0,,,,,,,34.0,14.0,41.0,,,,,,,,,,,,,,,,,,,,,,,,,,,16.0,,,6.0,,,,,,,,,,,,,,,,,,,,,,,,,,,,4.0,,10.0,,,,,,,,,,,,,,,,,,,,,,,,,23.0,,49.0,,,,,,,51.0,4.0,2.0,1.0,,,,,,,,,,,4.0,,,,,,,,,,,,,,4.0,,,,15.0,,,,,,,,,,
_500m_16_days_VI_Quality_2019033_aid0001,aid0001,2019-02-02,,,,293.0,,76.0,,,,,,272.0,,,,,,72.0,34.0,,,,,,7.0,,,,,,,,,5.0,,,,,,,,,106.0,,,,,,,91.0,,38.0,4.0,,,,,,16.0,2.0,12.0,,,,,,56.0,86.0,,,,,,,,1.0,1.0,,,,,,,,14.0,,,,,2.0,,,,8.0,67.0,,,,17.0,6.0,,,,,,,,,,,,,,,,,,,,,,49.0,,,,,29.0,,2.0,,,,,27.0,,,,,,,,,,,,,,34.0,,,,,,39.0,,3.0,,,,,,,118.0,6.0,4.0,3.0,,,,,,,,,,,,,,1.0,,,,,,,,,,,,,,,13.0,3.0,,,,,,,,,
_500m_16_days_VI_Quality_2019049_aid0001,aid0001,2019-02-18,,,,18.0,49.0,627.0,,,,,,,,,,,,,194.0,,,,,,,,215.0,,,,,,,,,,,,,,,,,,,,,,,,,137.0,,,,,,,,,309.0,2.0,,,,,,14.0,,,,,,,,,,,,,,,,,,,,,,,,,,,,,,,,,,,,,,,,,,,,,,,,,,,,,,,,,,,,,,,,,,,,,,,,,,,,,,,,,,,,,,,,,,,,,,,,,52.0,,,,,,,,,,,,,,,,,,,,,,,,,,,,,,,,,,,,,,,,
_500m_16_days_VI_Quality_2019065_aid0001,aid0001,2019-03-06,,,19.0,426.0,,18.0,,,,,,656.0,98.0,,,,,,,,,,,,,,,,,,,,,74.0,,1.0,,,,,,,148.0,6.0,,,,,,81.0,,,,,,,,,,,,,,,,,,14.0,,,,,,,,,,,,,,,,,1.0,,,,,,,,,,,,,,,,,,,,,,,,,,,,,,,,,,,,,,,,,,,,,,,,,,,,,,,,,,,,,,,2.0,,,,,,,,,,,,,,,32.0,23.0,,,,,,,,,,,,,,,,,,,,,,,,,,,,,,,18.0,,,,,,,,,,
_500m_16_days_VI_Quality_2019081_aid0001,aid0001,2019-03-22,,,,171.0,,159.0,,,,,,,21.0,,,,,244.0,544.0,,,,,,,,,,,,,,,,,,,,,,,,,27.0,,,,,,91.0,,203.0,,,,,,,42.0,4.0,12.0,,,,,,66.0,9.0,,,,,,,,,,,,,,,,,,,,,,,,,,,,,,,,,,,,,,,,,,,,,,,,,,,,,,,,,,,13.0,,2.0,,,,,,,,,,,,,,,,,,,,,,,,,,,1.0,,,,,,,3.0,,,,,,,,,,,,,,,,,,,,,,,,,,,,,,,,5.0,,,,,,,,,,
_500m_16_days_VI_Quality_2019097_aid0001,aid0001,2019-04-07,,,3.0,200.0,5.0,21.0,,,,,,761.0,264.0,,,,,33.0,,,,,,,6.0,,,,,,,,,7.0,,32.0,,,,,,,74.0,43.0,,,,,,51.0,,,,,,,,,25.0,,,,,,,,4.0,42.0,,,,,,,,,,,,,,,,,,,,,,,,,,,,,,,,,,,,,,,,,,,,,,,,,,,,,,,,,,,,,,,,,,,,,,,,,4.0,,,,,,,20.0,,,,,,18.0,,,,,,,,,4.0,,,,,,,,,,,,,,,,,,,,,,,,,,,,,,,,,,,,,,,,,,
_500m_16_days_VI_Quality_2019113_aid0001,aid0001,2019-04-23,,,22.0,317.0,3.0,50.0,,,,,,956.0,50.0,,,,,51.0,,,,,,,,,,,,,,,,7.0,,7.0,,,,,,,56.0,23.0,,,,,,38.0,,24.0,,,,,,,,,,,,,,,,3.0,,,,,,,,,,,,,,,,,,,,,,,,,,,,,,,,,,,,,,,,,,,,,,,,,,,,,,,,,,,,,,,,,,,,,,,,,,,,,,,,,,,,,,,,9.0,,,,,,,,,1.0,,,,,,,,,,,,,,,,,,,,,,,,,,,,,,,,,,,,,,,,
_500m_16_days_VI_Quality_2019129_aid0001,aid0001,2019-05-09,,,30.0,219.0,,123.0,,,,,,734.0,48.0,,,,,3.0,13.0,,,,,,,,1.0,,,,,,,14.0,,3.0,,,,,,,115.0,12.0,,,,,,46.0,,61.0,,,,,,,12.0,2.0,28.0,,,,,,4.0,90.0,,,,,,,,,,,,,,,,,,,,,,,,,,,,,,,,1.0,,,,,,,,,,,,,,,,,,,,,,,,,,,,,2.0,,,,,,,,,,,,,,,,,,,,,,,,,,,44.0,,,,,,,,,,8.0,,,,,,,,,,,,,,,,,,,,,,,,,,,,,2.0,2.0,,,,,,,,,
_500m_16_days_VI_Quality_2019145_aid0001,aid0001,2019-05-25,,,,511.0,,82.0,,,,,,42.0,218.0,,,,,103.0,201.0,,,,,,,,2.0,,,,,,,6.0,,7.0,,,,,,,100.0,135.0,,,,,,140.0,,32.0,,,,,,,14.0,,11.0,,,,,,,,,,,,,,,,,,,,,,,,,,,,,,,,,,,,,,,,,,,,,,,,,,,,,,,,,,,,,,,,,,,,,,,,,,,,,,,,,,,,,,,,,,,,,11.0,,2.0,,,,,,,,,,,,,,,,,,,,,,,,,,,,,,,,,,,,,,,,,,,,,,,,,
_500m_16_days_VI_Quality_2019353_aid0001,aid0001,2019-12-19,,,,49.0,1.0,184.0,,4.0,,,,10.0,596.0,,,,,63.0,33.0,,96.0,,,,,,,,,,,,,,,14.0,,3.0,,,,,1.0,45.0,18.0,,,,,68.0,,23.0,,28.0,,,,,1.0,,4.0,,,,,,1.0,20.0,1.0,,,,,,,,,,,,,,,,,,,,,,,,,,,3.0,,,,,,,,,,,,,,,,,,,,,,,,,,,10.0,,,,22.0,,21.0,,,,,6.0,,,,,,,3.0,,28.0,,,,,,60.0,,,,,69.0,,64.0,,,,,,,5.0,1.0,38.0,5.0,,,,,,,,,,,,,,,,,,,,,,,,,10.0,2.0,,,1.0,6.0,,,,,,,,,
_500m_16_days_VI_Quality_2020001_aid0001,aid0001,2020-01-01,,,,39.0,12.0,91.0,,217.0,,,,,,7.0,,,,,160.0,,322.0,,,,19.0,,22.0,,,,,,,,,7.0,,1.0,6.0,,,,,,12.0,,,,,4.0,,22.0,,142.0,2.0,,,,47.0,,26.0,,,,,,8.0,8.0,50.0,,,,,,,,,,,,,,,,,,,,,,,,,,,10.0,,,,,,,,,,,,,,,,,,,,,,,,,,,,,,,,,14.0,,1.0,,,30.0,31.0,,,,,,,,,,9.0,,,,,,,,,5.0,,9.0,,44.0,6.0,,,,69.0,1.0,92.0,8.0,,4.0,,,,,,,,,,,,,8.0,,,,7.0,,,,,,,,6.0,,4.0,35.0,,,,,,,,,
_500m_16_days_VI_Quality_2020017_aid0001,aid0001,2020-01-17,,,,691.0,,5.0,,34.0,,,,16.0,,,,,,112.0,,,,,,,,,,,,,,,,,,,,,,,,,38.0,,,,,,,262.0,,,,,,,,,9.0,,,,,60.0,,,38.0,2.0,11.0,,,,,,,,,,,,,,,,,,,,,,,,,,,,,,,,3.0,,,,,,,,,,,,,,,,,,,,,3.0,,,,,62.0,,,,,,,,,,,6.0,,,,,,,,,,16.0,,,,,,172.0,,,,,,,,,36.0,4.0,27.0,,,1.0,,,,,,,,,,,,,,,,,,,,,,,,,,,4.0,,5.0,,,,,,,,
_500m_16_days_VI_Quality_2020033_aid0001,aid0001,2020-02-02,,,,270.0,,13.0,,,,,,744.0,,,,,,36.0,,,,,,,,,6.0,,,,,,,12.0,,,,,,,,,153.0,,,,,,,101.0,,,,,,,,,16.0,7.0,,,,,,,34.0,1.0,,,,,,,,,,,,,,,,,,,,,,,,,,,,,,,3.0,,,,,,,6.0,,,,,,,,,,,,,,,,9.0,,,,,5.0,,,,,,,6.0,48.0,,,,,,,,,,,,,18.0,,,,,,36.0,,,,,,,,,24.0,3.0,18.0,,,,,,,,2.0,,,,,,,,,,,,,,,,,,,,,,37.0,9.0,,,,,,,,,
_500m_16_days_VI_Quality_2020049_aid0001,aid0001,2020-02-18,,,14.0,336.0,,113.0,,,,,,694.0,,,,,,15.0,,,,,,,,,,,,,,,,25.0,,,,,,,,,153.0,,,,,,,144.0,,4.0,,,,,,,11.0,,,,,,,,5.0,33.0,,,,,,,,,,,,,,,,,1.0,,,,,,,,,,6.0,,,,3.0,,,,,,,,,,,,,,,,,,,,,,,1.0,,,,,3.0,,,,,,,,,,,,,,,,,,,,,8.0,,,,,,34.0,,,,,,,,,1.0,,6.0,,,,,,,,,,,,,,,,,,,,,,,,,,1.0,,,,,6.0,,,,,,,,,
_500m_16_days_VI_Quality_2020065_aid0001,aid0001,2020-03-05,,,,160.0,30.0,55.0,,,,,,844.0,198.0,,,,,46.0,23.0,,,,,,,,,,,,,,,6.0,,16.0,,,,,,,43.0,13.0,,,,,,36.0,,40.0,,,,,,,9.0,,7.0,,,,,,2.0,14.0,,,,,,,,,,,,,,,,,,,,,,,,,,,,,,,,,,,,,,,,,,,,,,,,,16.0,,,,,,,,,,,,29.0,,,,,,,,,,,,,,,,,,,,,,,,,1.0,,6.0,,,,,,,7.0,4.0,2.0,,,,,,,,,,,,,,,,,,,,,,,,,,,,,,10.0,,,,,,,,,,
_500m_16_days_VI_Quality_2020081_aid0001,aid0001,2020-03-21,,,9.0,361.0,,8.0,,,,,,820.0,21.0,,,,,63.0,4.0,,,,,,,,,,,,,,,12.0,,,,,,,,,127.0,2.0,,,,,,107.0,,38.0,,,,,,,19.0,,6.0,1.0,,,,,7.0,,,,,,,,,,,,,,,,,,,,,,,,,,,1.0,,,,,,,,,,,,,,,,,,,,,,,,,,,,,,,,,,,,,,,,,,,,,,,,,1.0,,,,,,,,,,,,,,,,,,,,10.0,,,,,,,,,,,,,,,,,,,,,,,,,,,,,,,,,,,,,,,,,,
_500m_16_days_VI_Quality_2020097_aid0001,aid0001,2020-04-06,,,,362.0,,63.0,,,,,,41.0,224.0,,,,,11.0,20.0,,,,,,196.0,,,,,,,,,,,8.0,,,,,,,190.0,127.0,,,,,,17.0,,50.0,,,,,,,121.0,,42.0,,,,,,31.0,17.0,,,,,,,,,,,,11.0,,,,,,,,,,,,,,,6.0,,,,8.0,39.0,,,,,,,,,,,,,,,,,,,,,,,,,,,,,,,,,,,,,,,,,,,,,,,,,,,,,,1.0,,1.0,,,,,,,8.0,19.0,4.0,,,,,,,,,,,,,,,,,,,,,,,,,,,,,,,,,,,,,,,,
_500m_16_days_VI_Quality_2020113_aid0001,aid0001,2020-04-22,,,4.0,305.0,,77.0,,,,,,500.0,4.0,,,,,123.0,120.0,,,,,,1.0,,70.0,,,,,,,9.0,,,,,,,,,68.0,1.0,,,,,,53.0,,150.0,,,,,,,34.0,,42.0,,,,,,26.0,9.0,,,,,,,,,,,,,,,,,,,,,,,,,,,,,,,8.0,,,,,,,,,,,,,,,,,,,,,,,,,,,,,,,,,,,,,,,,,,,,,,,,,,,,,,,,,,,,,,,,11.0,,2.0,,,,,,,,,,,,,,,,,,,,,,,,,,,,,,,,,,,,,,,,
_500m_16_days_VI_Quality_2020129_aid0001,aid0001,2020-05-08,,,,554.0,,86.0,,,,,,573.0,2.0,,,,,12.0,4.0,,,,,,,,,,,,,,,14.0,,,,,,,,,137.0,1.0,,,,,,59.0,,31.0,,,,,,,72.0,,,,,,,,17.0,4.0,,,,,,,,,,,,,,,,,,,,,,,,,,,,,,,2.0,,,,,,,,,,,,,,,,,,,,,,,,,,,,,,,,,,,,,,,,,,,,,,,,,,,,,,,44.0,,,,,,,,,,,,2.0,,,,,,,,,,,,,,,,,,,,,,,,,,,,,3.0,,,,,,,,,,
_500m_16_days_VI_Quality_2020145_aid0001,aid0001,2020-05-24,,,,99.0,11.0,5.0,,,,,,763.0,532.0,,,,,36.0,34.0,,,,,,,,,,,,,,,2.0,,10.0,,,,,,,3.0,18.0,,,,,,25.0,,7.0,,,,,,,2.0,,,,,,,,,,,,,,,,,,,,,,,,,,,,,,,,,,,,,,,,,,,,,,,,,,,,,,,,,,,,,,,1.0,61.0,,,,,,,,,,,,,,,,,,,,,,,,,,,,,,,6.0,,,,,,,,,,,2.0,,,,,,,,,,,,,,,,,,,,,,,,,,,,,,,,,,,,,,,,
_500m_16_days_VI_Quality_2020353_aid0001,aid0001,2020-12-18,,,,6.0,5.0,163.0,,10.0,,,,,521.0,,,,,7.0,253.0,,,,,,143.0,,,,,,,,,,,3.0,,,,,,,,50.0,,,,,,5.0,,67.0,,,,,,,16.0,,1.0,,,,,,,80.0,1.0,,,,,,,,,,,,,,,,,,,,,1.0,,,,,4.0,,,,,,,,,,,,,,,,,,,,,,,,,,,,14.0,,,,2.0,,22.0,,,,,55.0,,,,,,,,,,,,,,,4.0,,,,,5.0,,76.0,3.0,,,,,,33.0,,26.0,3.0,,,,,,,,,,,,,,6.0,,,,,,,,,,,,9.0,,,12.0,11.0,,,,,,,,,
_500m_16_days_VI_Quality_2021001_aid0001,aid0001,2021-01-01,,,,27.0,11.0,100.0,,80.0,,,,,351.0,12.0,,,,136.0,334.0,,24.0,,,,9.0,,23.0,,,,,,,,,14.0,,,1.0,,,,,23.0,2.0,,,,,20.0,,68.0,,,,,,,4.0,,8.0,,,,,,13.0,78.0,24.0,,,,4.0,,,,,,,,,,,,3.0,2.0,,,,2.0,,,,,10.0,,,,,,,,,,,,,,,,,,,,,,4.0,,,,,,15.0,,,,16.0,,18.0,,,,,44.0,,,,,,,,,12.0,,4.0,6.0,,,13.0,,1.0,,,4.0,,57.0,1.0,1.0,,,,,21.0,,2.0,,,,,,,,,,,,,2.0,,5.0,,,,3.0,,,,,,,,5.0,,,,,,,,,,,,,
_500m_16_days_VI_Quality_2021017_aid0001,aid0001,2021-01-17,,,12.0,207.0,,20.0,,,,,,776.0,,,,,,27.0,2.0,,,,,,,,,,,,,,,29.0,,,,,,,,,76.0,,,,,,,110.0,,,,,,,,,,,3.0,,,,,,67.0,2.0,,,,,,,,,,,,,,,,1.0,,,,,,,,,,2.0,,,,,7.0,,,,,,,,,,,,,,,,,,,,,,,37.0,,,,,10.0,,4.0,,,,,1.0,,,,,,,5.0,,,,,,,43.0,,,,,,84.0,3.0,,,,,,,,19.0,11.0,27.0,,,,,,,,,,,,,,,,,,6.0,,,,,,,,12.0,,,,8.0,6.0,,,,,,,,,
_500m_16_days_VI_Quality_2021033_aid0001,aid0001,2021-02-02,,,,196.0,,76.0,,,,,,773.0,,,,,,82.0,,,,,,,34.0,,,,,,,,,,,4.0,1.0,,,,,,92.0,5.0,,,,,,103.0,,1.0,,,,,,,33.0,,1.0,,,,,,44.0,54.0,,,,,,,,,,,,4.0,,,,,5.0,,,,,1.0,,,,,3.0,,,,,,,,,,,,,,,,,,,,,,,,,,,,,,,,9.0,,,,,,,15.0,,,,,,,,,,,,,,12.0,,,,,,36.0,,,,,,,,,5.0,3.0,5.0,,,,,,,,,,,,,,,,,,,3.0,,,,,,,3.0,,,,14.0,,,,,,,,,,
_500m_16_days_VI_Quality_2021049_aid0001,aid0001,2021-02-18,,,7.0,249.0,,29.0,,,,,,763.0,,,,,,163.0,7.0,,,,,,,,15.0,,,,,,,5.0,,,,,,,,,63.0,,,,,,,86.0,,26.0,,,,,,,8.0,,4.0,,,,,,47.0,8.0,,,,,,,,,,,,,,,,,,,,,,,,,,,,,,,,,,,,,,,,,,,,,,,,,,,,,,,,,,,11.0,,,,,,,,10.0,,,,,,,,,,,,,,,,,,,91.0,6.0,15.0,,,,,,,3.0,,1.0,,,,,,,,,,,,,,,,,,,,,,,,,,,,,,,,,,,,,,,,
_500m_16_days_VI_Quality_2021065_aid0001,aid0001,2021-03-06,,,,384.0,,66.0,,,,,,592.0,,,,,,55.0,,,,,,,,,17.0,,,,,,,15.0,,4.0,,,,,,,181.0,3.0,,,,,,127.0,,13.0,11.0,,,,,,6.0,,11.0,,,,,,26.0,67.0,,,,,,,,,,,,,,,,,3.0,,,,,,,,,,1.0,,,,1.0,,,,,,,,,,,,,,,,,,,,,,,,,,,,,,,,,,,,,,,,,,,,,,,,,,,,,,,5.0,,,,,,,,,6.0,,2.0,,,,,,,,,,,,,,,,,,,,,,,,,,,,,,21.0,,,,,,,,,,
_500m_16_days_VI_Quality_2021081_aid0001,aid0001,2021-03-22,,,,354.0,,16.0,,,,,,370.0,148.0,,,,,181.0,205.0,,,,,,,,,,,,,,,,,2.0,,,,,,,71.0,15.0,,,,,,128.0,,68.0,,,,,,,13.0,,4.0,,,,,,23.0,,,,,,,,,4.0,,,,,,,,,,,,,,,,,,,,,,,,,,,,,,,,,,,,,,,,,,,,,,,,,,,,,,,,,,,,,,,,,,,,,,,,2.0,,,,,,8.0,,,,,,,,,3.0,,2.0,,,,,,,,,,,,,,,,,,,,,,,,,,,,,,,,,,,,,,,,
_500m_16_days_VI_Quality_2021097_aid0001,aid0001,2021-04-07,,,,183.0,46.0,70.0,,,,,,805.0,248.0,,,,,6.0,,,,,,,,,,,,,,,,11.0,,27.0,,,,,,,74.0,20.0,,,,,,64.0,,17.0,,,,,,,5.0,,,,,,,,,22.0,,,,,,,,,,,,,,,,,,,,,,,,,,,,,,,,,,,,,,,,,,,,,,,,,11.0,,,,,,7.0,,,,,,,,,,,,,,,,,,,,,,,,,,,,,,,,,,,,,,,,,1.0,,,,,,,,,,,,,,,,,,,,,,,,,,,,,,,,,,,,,,,,,
_500m_16_days_VI_Quality_2021113_aid0001,aid0001,2021-04-23,,,,217.0,1.0,136.0,,,,,,32.0,552.0,,,,,70.0,92.0,,,,,,23.0,11.0,,,,,,,,,,14.0,,,,,,,52.0,93.0,,,,,,72.0,,44.0,,,,,,,1.0,,,,,,,,66.0,12.0,,,,,,,,,,,,8.0,,,,,,,,,,,,,,,,,,,26.0,,,,,,,,,,,,,,,,,,,,,,,,,,,,,,1.0,,,,,,,,,,,,,,,,,,,9.0,7.0,,,,,30.0,,10.0,,,,,,,19.0,11.0,,,,,,,,,,,,,,,,,,,,,,,,,,,,,,,8.0,,,,,,,,,,
_500m_16_days_VI_Quality_2021129_aid0001,aid0001,2021-05-09,,,1.0,671.0,,43.0,,,,,,104.0,,,,,,330.0,,,,,,,,,,,,,,,,14.0,,,,,,,,,207.0,,,,,,,153.0,,,,,,,,,16.0,1.0,4.0,,,,,,,9.0,,,,,,,,,,,,,,,,,,,,,,,,,,,,,,,,3.0,,,,,,,,,,,,,,,,,,,,,,,,,,,,,,,,,,,,,,,,,,,,,,,,4.0,,,,,,6.0,,,,,,,,,4.0,,7.0,18.0,,,,,,,,,,,,,,,,,,,,,,,,,,,,,2.0,20.0,,,,,,,,,
_500m_16_days_VI_Quality_2021145_aid0001,aid0001,2021-05-25,,,3.0,351.0,,17.0,,,,,,772.0,6.0,,,,,140.0,23.0,,,,,,38.0,,,,,,,,,2.0,,,,,,,,,125.0,,,,,,,75.0,,26.0,,,,,,,29.0,,,,,,,,1.0,,,,,,,,,,,,,,,,,,,,,,,,,,,,,,,,,,,,,,,,,,,,,,,,,,,,,,,,,,,,,,,,,,,,,,,,,,,,,,,,,,,,,,,9.0,,,,,,,,,,,,,,,,,,,,,,,,,,,,,,,,,,,,,,,,,,,,,,,,,,,
_500m_16_days_VI_Quality_2021353_aid0001,aid0001,2021-12-19,,,,75.0,6.0,75.0,,6.0,,,,154.0,445.0,,,,,19.0,313.0,,,,,,,,79.0,,,,,,,9.0,,,,,,,,,1.0,14.0,,,,,,23.0,,38.0,,,,,,,3.0,,8.0,,,,,,2.0,31.0,6.0,,,,,,,,4.0,,,,,,,,,,,,,,,,,5.0,,,,,,,,,,,,,,,,,,,,,,,,,,,,,11.0,,,,11.0,,37.0,,,,,14.0,46.0,,,,,,,,,1.0,,,,,,,,,,35.0,,50.0,2.0,,,,,,9.0,,62.0,7.0,,,,,,,,,,,,,,,,,,,,,,,,,,,,,6.0,10.0,,,,,,,,,
_500m_16_days_VI_Quality_2022001_aid0001,aid0001,2022-01-01,,,6.0,80.0,,34.0,,22.0,,,,342.0,488.0,,,,,17.0,110.0,,,,,,4.0,,28.0,,,,,,,,,,,,,,,,20.0,,,,,,,58.0,,19.0,,,,,,,,,7.0,,,,,,17.0,6.0,14.0,,,,,,,,3.0,1.0,,,,15.0,,,,,,,,,,,,,,,,,,,,,,,,,,,,,,,,,,,,,,,,7.0,,,,,30.0,,55.0,,,,,,18.0,,,,,,,,,,,,,13.0,,,,,,91.0,6.0,17.0,8.0,,,,,,5.0,,48.0,4.0,,,,,,,,,,,,5.0,,,,,,,,,,,,,,,,,1.0,5.0,,,,,13.0,,,,
_500m_16_days_VI_Quality_2022017_aid0001,aid0001,2022-01-17,,,,97.0,,70.0,56.0,156.0,,,,,,175.0,,,,,,,187.0,,,,,,,,,,,,,,,,,1.0,35.0,,,,,,2.0,,,,,9.0,,21.0,,29.0,,,,,21.0,,1.0,,,,,,39.0,79.0,108.0,,,,,88.0,,,,37.0,,,,,,,,97.0,,,,,4.0,,,,31.0,51.0,,,3.0,7.0,,,,,,,,,,,,,,,,,,,,,,,,,,,,,,,,,,6.0,,,,,,,,,,,7.0,3.0,,,,,,,,30.0,,9.0,,,,,,,75.0,17.0,6.0,,,,,,,,,,,,,,,,,,,,20.0,,,,,,,24.0,,,14.0,2.0,,,,,,,,,
